"scenario_number","scenario_id","Fcap","Besc_previous","Besc","delta_Besc","mean_catch","mean_P_closed","mean_years_closed","median_IAV","median_mean_SSB_open","max_P_Blim","P_ever_Blim","delta_mean_catch","delta_mean_P_closed","delta_mean_years_closed","delta_median_IAV","delta_median_mean_SSB_open","delta_max_P_Blim","delta_P_ever_Blim","delta_mean_catch_per_1000t_Besc","delta_mean_P_closed_per_1000t_Besc","delta_mean_years_closed_per_1000t_Besc","delta_max_P_Blim_per_1000t_Besc"
2,"Fcap_1.00_Besc_6561_sigmaR_0.216_SE_reference_AE_historical",1,5000,6561,1561,3835.44617811251,0.386966666666667,11.609,1.13311112981706,15353.1567809685,0,0,-1030.28376491526,0.2524,7.572,0.590900042663312,1555.9736267241,0,0,-660.015224160961,0.161691223574632,4.85073670723895,0
3,"Fcap_1.00_Besc_7250_sigmaR_0.216_SE_reference_AE_historical",1,6561,7250,689,3341.46332807296,0.5051,15.153,1.18826035816952,16147.4470303315,0,0,-493.98285003955,0.118133333333333,3.544,0.0551492283524599,794.290249362999,0,0,-716.956240986285,0.171456216739235,5.14368650217707,0
4,"Fcap_1.00_Besc_8000_sigmaR_0.216_SE_reference_AE_historical",1,7250,8000,750,2825.57874374256,0.626666666666667,18.8,1.12378724287427,17001.3488266782,0,0,-515.8845843304,0.121566666666667,3.647,-0.06447311529525,853.901796346701,0,0,-687.846112440533,0.162088888888889,4.86266666666667,0
6,"Fcap_1.25_Besc_6561_sigmaR_0.216_SE_reference_AE_historical",1.25,5000,6561,1561,4224.63777094128,0.424833333333333,12.745,1.24724778803275,15178.1952079594,0.001,0.002,-1142.10577181017,0.258666666666666,7.76,0.553514301145203,1623.356824704,0.001,0.002,-731.650078033421,0.16570574418108,4.97117232543241,0.000640614990390775
7,"Fcap_1.25_Besc_7250_sigmaR_0.216_SE_reference_AE_historical",1.25,6561,7250,689,3716.1871822798,0.533866666666667,16.016,1.27402577667027,15918.1884419922,0.001,0.004,-508.45058866148,0.109033333333334,3.271,0.0267779886375201,739.993234032801,0,0.002,-737.954410248883,0.158248669569425,4.74746008708273,0
8,"Fcap_1.25_Besc_8000_sigmaR_0.216_SE_reference_AE_historical",1.25,7250,8000,750,3166.97178089146,0.644866666666667,19.346,1.17241379310345,16778.9517442506,0.001,0.002,-549.21540138834,0.111,3.33,-0.10161198356682,860.7633022584,0,-0.002,-732.28720185112,0.148,4.44,0
10,"Fcap_1.50_Besc_6561_sigmaR_0.216_SE_reference_AE_historical",1.5,5000,6561,1561,4549.7596166255,0.4522,13.566,1.35496908840272,15016.011607144,0.002,0.004,-1197.96638064039,0.256333333333333,7.69,0.513647434209621,1682.0315113931,0.001,0.002,-767.435221422415,0.164210975870168,4.92632927610506,0.000640614990390775
11,"Fcap_1.50_Besc_7250_sigmaR_0.216_SE_reference_AE_historical",1.5,6561,7250,689,4030.56783446841,0.556433333333333,16.693,1.3441388705856,15744.3965155329,0.003,0.014,-519.19178215709,0.104233333333333,3.127,-0.0108302178171198,728.3849083889,0.001,0.01,-753.543950881117,0.151282051282051,4.53846153846154,0.00145137880986938
12,"Fcap_1.50_Besc_8000_sigmaR_0.216_SE_reference_AE_historical",1.5,7250,8000,750,3449.73778037915,0.659733333333333,19.792,1.18717522632311,16559.3934681528,0.002,0.007,-580.83005408926,0.1033,3.099,-0.15696364426249,814.9969526199,-0.001,-0.007,-774.440072119013,0.137733333333333,4.132,-0.00133333333333333
14,"Fcap_1.60_Besc_6561_sigmaR_0.216_SE_reference_AE_historical",1.6,5000,6561,1561,4669.79676544413,0.463266666666667,13.898,1.37422985530604,14946.2909214187,0.002,0.009,-1204.6710474538,0.255233333333334,7.657,0.474676873726825,1691.3666840762,0.001,0.007,-771.730331488661,0.163506299380739,4.90518898142217,0.000640614990390775
15,"Fcap_1.60_Besc_7250_sigmaR_0.216_SE_reference_AE_historical",1.6,6561,7250,689,4146.53954021019,0.5649,16.947,1.36162814814494,15671.3925791071,0.003,0.023,-523.25722523394,0.101633333333333,3.049,-0.0126017071611,725.101657688399,0.001,0.014,-759.444448815587,0.14750846637639,4.42525399129173,0.00145137880986938
16,"Fcap_1.60_Besc_8000_sigmaR_0.216_SE_reference_AE_historical",1.6,7250,8000,750,3546.18360239781,0.665433333333333,19.963,1.20029050611226,16488.8051528857,0.002,0.019,-600.35593781238,0.100533333333333,3.016,-0.16133764203268,817.4125737786,-0.001,-0.004,-800.474583749841,0.134044444444444,4.02133333333334,-0.00133333333333333
18,"Fcap_1.70_Besc_6561_sigmaR_0.216_SE_reference_AE_historical",1.7,5000,6561,1561,4779.4733462549,0.4706,14.118,1.40409559274086,14904.4690699752,0.002,0.014,-1208.13926036929,0.250533333333333,7.516,0.463027027032283,1684.8790201459,0.001,0.011,-773.952120672191,0.160495408925902,4.81486226777707,0.000640614990390775
19,"Fcap_1.70_Besc_7250_sigmaR_0.216_SE_reference_AE_historical",1.7,6561,7250,689,4248.86307519844,0.5701,17.103,1.37931034482759,15648.4768743487,0.004,0.033,-530.61027105646,0.0995,2.985,-0.02478524791327,744.007804373501,0.002,0.019,-770.116503710392,0.144412191582003,4.33236574746009,0.00290275761973875
20,"Fcap_1.70_Besc_8000_sigmaR_0.216_SE_reference_AE_historical",1.7,7250,8000,750,3643.05483714316,0.6693,20.079,1.19812537205053,16441.0558048253,0.003,0.032,-605.80823805528,0.0992,2.976,-0.18118497277706,792.5789304766,-0.001,-0.001,-807.74431740704,0.132266666666667,3.968,-0.00133333333333333
22,"Fcap_1.75_Besc_6561_sigmaR_0.216_SE_reference_AE_historical",1.75,5000,6561,1561,4835.02051249565,0.475166666666667,14.255,1.41576534806881,14873.3927587927,0.002,0.015,-1205.13003345272,0.250133333333334,7.504,0.45394721697549,1672.4752333942,0.001,0.012,-772.024364799948,0.160239162929746,4.80717488789238,0.000640614990390775
23,"Fcap_1.75_Besc_7250_sigmaR_0.216_SE_reference_AE_historical",1.75,6561,7250,689,4299.44285283635,0.573033333333333,17.191,1.38654573806932,15614.1579950865,0.004,0.036,-535.5776596593,0.0978666666666659,2.936,-0.0292196099994899,740.765236293801,0.002,0.021,-777.326066268941,0.142041606192549,4.26124818577649,0.00290275761973875
24,"Fcap_1.75_Besc_8000_sigmaR_0.216_SE_reference_AE_historical",1.75,7250,8000,750,3688.54440151226,0.670466666666667,20.114,1.19070140386602,16395.604807159,0.004,0.039,-610.89845132409,0.097433333333334,2.923,-0.1958443342033,781.446812072501,0,0.003,-814.53126843212,0.129911111111112,3.89733333333334,0
26,"Fcap_1.80_Besc_6561_sigmaR_0.216_SE_reference_AE_historical",1.8,5000,6561,1561,4885.91552901044,0.478966666666667,14.369,1.42600265234114,14847.001753757,0.003,0.02,-1204.17187092233,0.249066666666667,7.472,0.446293145600898,1685.0306065737,0.002,0.017,-771.41055151975,0.159555840273329,4.78667520819987,0.00128122998078155
27,"Fcap_1.80_Besc_7250_sigmaR_0.216_SE_reference_AE_historical",1.8,6561,7250,689,4345.74068842347,0.5761,17.283,1.39146686259811,15595.7962034675,0.004,0.042,-540.17484058697,0.097133333333333,2.914,-0.0345357897430301,748.7944497105,0.001,0.022,-783.998317252497,0.140977261731978,4.22931785195936,0.00145137880986938
28,"Fcap_1.80_Besc_8000_sigmaR_0.216_SE_reference_AE_historical",1.8,7250,8000,750,3732.03512998036,0.672166666666667,20.165,1.18595384665621,16371.2231324544,0.006,0.047,-613.70555844311,0.0960666666666671,2.882,-0.2055130159419,775.426928986899,0.002,0.005,-818.274077924146,0.128088888888889,3.84266666666666,0.00266666666666667
