"refined_scenario_number","exploratory_scenario_number","run_status","requires_run","MP_id","scenario_id","Fcap","Besc","stage","robustness_factor","sigmaR_scenario","sigmaR","seasonal_exploitation","Fprop_Q1","Fprop_Q2","Fprop_Q3","Fprop_Q4","assessment_uncertainty","assessment_error","forecast_uncertainty","forecast_probability","forecast_alpha","stock","fleet","metier","Blim","Bpa","first_projection_year","last_projection_year","recruitment_age","recruitment_season","ssb_season","risk_threshold","exploratory_MP_id","exploratory_scenario_id"
1,1,"existing",FALSE,"Fcap_1.00_Besc_5000","Fcap_1.00_Besc_5000_sigmaR_0.216_SE_reference_AE_historical",1,5000,"candidate_MP","reference","reference",0.216,"reference",0.138,0.417,0.334,0.111,"historical",TRUE,"bootstrap_empirical",TRUE,0.05,"ANE","SEINE","ALL",4721,6561,2025,2054,0,3,2,0.05,"Fcap_1.00_Besc_5000","Fcap_1.00_Besc_5000_sigmaR_0.216_SE_reference_AE_historical"
2,2,"existing",FALSE,"Fcap_1.00_Besc_6561","Fcap_1.00_Besc_6561_sigmaR_0.216_SE_reference_AE_historical",1,6561,"candidate_MP","reference","reference",0.216,"reference",0.138,0.417,0.334,0.111,"historical",TRUE,"bootstrap_empirical",TRUE,0.05,"ANE","SEINE","ALL",4721,6561,2025,2054,0,3,2,0.05,"Fcap_1.00_Besc_6561","Fcap_1.00_Besc_6561_sigmaR_0.216_SE_reference_AE_historical"
4,3,"existing",FALSE,"Fcap_1.00_Besc_8000","Fcap_1.00_Besc_8000_sigmaR_0.216_SE_reference_AE_historical",1,8000,"candidate_MP","reference","reference",0.216,"reference",0.138,0.417,0.334,0.111,"historical",TRUE,"bootstrap_empirical",TRUE,0.05,"ANE","SEINE","ALL",4721,6561,2025,2054,0,3,2,0.05,"Fcap_1.00_Besc_8000","Fcap_1.00_Besc_8000_sigmaR_0.216_SE_reference_AE_historical"
5,5,"existing",FALSE,"Fcap_1.25_Besc_5000","Fcap_1.25_Besc_5000_sigmaR_0.216_SE_reference_AE_historical",1.25,5000,"candidate_MP","reference","reference",0.216,"reference",0.138,0.417,0.334,0.111,"historical",TRUE,"bootstrap_empirical",TRUE,0.05,"ANE","SEINE","ALL",4721,6561,2025,2054,0,3,2,0.05,"Fcap_1.25_Besc_5000","Fcap_1.25_Besc_5000_sigmaR_0.216_SE_reference_AE_historical"
6,6,"existing",FALSE,"Fcap_1.25_Besc_6561","Fcap_1.25_Besc_6561_sigmaR_0.216_SE_reference_AE_historical",1.25,6561,"candidate_MP","reference","reference",0.216,"reference",0.138,0.417,0.334,0.111,"historical",TRUE,"bootstrap_empirical",TRUE,0.05,"ANE","SEINE","ALL",4721,6561,2025,2054,0,3,2,0.05,"Fcap_1.25_Besc_6561","Fcap_1.25_Besc_6561_sigmaR_0.216_SE_reference_AE_historical"
8,7,"existing",FALSE,"Fcap_1.25_Besc_8000","Fcap_1.25_Besc_8000_sigmaR_0.216_SE_reference_AE_historical",1.25,8000,"candidate_MP","reference","reference",0.216,"reference",0.138,0.417,0.334,0.111,"historical",TRUE,"bootstrap_empirical",TRUE,0.05,"ANE","SEINE","ALL",4721,6561,2025,2054,0,3,2,0.05,"Fcap_1.25_Besc_8000","Fcap_1.25_Besc_8000_sigmaR_0.216_SE_reference_AE_historical"
9,9,"existing",FALSE,"Fcap_1.50_Besc_5000","Fcap_1.50_Besc_5000_sigmaR_0.216_SE_reference_AE_historical",1.5,5000,"candidate_MP","reference","reference",0.216,"reference",0.138,0.417,0.334,0.111,"historical",TRUE,"bootstrap_empirical",TRUE,0.05,"ANE","SEINE","ALL",4721,6561,2025,2054,0,3,2,0.05,"Fcap_1.50_Besc_5000","Fcap_1.50_Besc_5000_sigmaR_0.216_SE_reference_AE_historical"
10,10,"existing",FALSE,"Fcap_1.50_Besc_6561","Fcap_1.50_Besc_6561_sigmaR_0.216_SE_reference_AE_historical",1.5,6561,"candidate_MP","reference","reference",0.216,"reference",0.138,0.417,0.334,0.111,"historical",TRUE,"bootstrap_empirical",TRUE,0.05,"ANE","SEINE","ALL",4721,6561,2025,2054,0,3,2,0.05,"Fcap_1.50_Besc_6561","Fcap_1.50_Besc_6561_sigmaR_0.216_SE_reference_AE_historical"
12,11,"existing",FALSE,"Fcap_1.50_Besc_8000","Fcap_1.50_Besc_8000_sigmaR_0.216_SE_reference_AE_historical",1.5,8000,"candidate_MP","reference","reference",0.216,"reference",0.138,0.417,0.334,0.111,"historical",TRUE,"bootstrap_empirical",TRUE,0.05,"ANE","SEINE","ALL",4721,6561,2025,2054,0,3,2,0.05,"Fcap_1.50_Besc_8000","Fcap_1.50_Besc_8000_sigmaR_0.216_SE_reference_AE_historical"
21,13,"existing",FALSE,"Fcap_1.75_Besc_5000","Fcap_1.75_Besc_5000_sigmaR_0.216_SE_reference_AE_historical",1.75,5000,"candidate_MP","reference","reference",0.216,"reference",0.138,0.417,0.334,0.111,"historical",TRUE,"bootstrap_empirical",TRUE,0.05,"ANE","SEINE","ALL",4721,6561,2025,2054,0,3,2,0.05,"Fcap_1.75_Besc_5000","Fcap_1.75_Besc_5000_sigmaR_0.216_SE_reference_AE_historical"
22,14,"existing",FALSE,"Fcap_1.75_Besc_6561","Fcap_1.75_Besc_6561_sigmaR_0.216_SE_reference_AE_historical",1.75,6561,"candidate_MP","reference","reference",0.216,"reference",0.138,0.417,0.334,0.111,"historical",TRUE,"bootstrap_empirical",TRUE,0.05,"ANE","SEINE","ALL",4721,6561,2025,2054,0,3,2,0.05,"Fcap_1.75_Besc_6561","Fcap_1.75_Besc_6561_sigmaR_0.216_SE_reference_AE_historical"
24,15,"existing",FALSE,"Fcap_1.75_Besc_8000","Fcap_1.75_Besc_8000_sigmaR_0.216_SE_reference_AE_historical",1.75,8000,"candidate_MP","reference","reference",0.216,"reference",0.138,0.417,0.334,0.111,"historical",TRUE,"bootstrap_empirical",TRUE,0.05,"ANE","SEINE","ALL",4721,6561,2025,2054,0,3,2,0.05,"Fcap_1.75_Besc_8000","Fcap_1.75_Besc_8000_sigmaR_0.216_SE_reference_AE_historical"
