"om","sigmaR_historical"
1,0.240676403731377
2,0.250769167902182
3,0.19924938807204
4,0.206008782957791
5,0.227015244921507
6,0.207332136086128
7,0.202116521444185
8,0.22577906689425
9,0.227058386560441
10,0.200273877457583
11,0.192264142577425
12,0.216811452804478
13,0.184558075544295
14,0.195342769615472
15,0.237696418192438
16,0.218608241406938
17,0.219353732605871
18,0.19499278465445
19,0.206053618026836
20,0.200176613598524
21,0.225307786100785
22,0.195971042162796
23,0.243922999705408
24,0.230421748930951
25,0.237440834901767
26,0.193966405767635
27,0.210112165398765
28,0.205955825452459
29,0.247483773606482
30,0.208889043412191
31,0.232350051602776
32,0.278243799445944
33,0.219673617277852
34,0.22435707977101
35,0.232430627305135
36,0.242722500993641
37,0.200549889241194
38,0.200571753643058
39,0.244401976776502
40,0.226665278171468
41,0.205397288814458
42,0.227545587061993
43,0.202268552859322
44,0.20553869083085
45,0.262819368709935
46,0.244931240661342
47,0.185728970747163
48,0.23732860254329
49,0.233065560101004
50,0.192122879368666
51,0.167918852949346
52,0.189332231276176
53,0.213572636693993
54,0.217327772161929
55,0.20835917766829
56,0.200244803462938
57,0.206455928840299
58,0.175918308646583
59,0.170906999479912
60,0.205427104920164
61,0.201369437889105
62,0.224968220298727
63,0.22449683448993
64,0.186518576747213
65,0.231265488663981
66,0.267962261452723
67,0.230124866784899
68,0.186820560337909
69,0.226771227606719
70,0.17152569097296
71,0.19716774169045
72,0.214395689420065
73,0.202847817933507
74,0.234047032229956
75,0.216014128340714
76,0.217606105943671
77,0.213250741689798
78,0.234429637312086
79,0.248207527249884
80,0.253810079856082
81,0.216492155970794
82,0.217067264955767
83,0.231038206577664
84,0.216964897540527
85,0.228292495270919
86,0.215329425952682
87,0.225766166450741
88,0.194177402486186
89,0.224250197856524
90,0.219268212355661
91,0.258629255688138
92,0.197496596575696
93,0.185481824400901
94,0.221860960978432
95,0.210388616944738
96,0.256817998842871
97,0.209426035844128
98,0.180559522416108
99,0.197472434405702
100,0.185257514057136
