"reference_scenario_number","reference_scenario_id","Fcap","Besc","robustness_id","scenario_type","recruitment_PE_mode","OM_seasonal_share_mode","OM_share_Q1","OM_share_Q2","OM_share_Q3","OM_share_Q4","assessment_error_SSB_F","recruitment_assessment_error","forecast_uncertainty","comparison_baseline","scientific_purpose","implementation_status","projection_start","projection_end","Blim","Bpa","annual_risk_threshold","MP_propf_method","MP_nFyears","n_OMs","replicates_per_OM","n_trajectories","n_blocks","recruitment_pairing","assessment_pairing","forecast_pairing","reuse_existing_REF","robustness_run_id"
9,"Fcap_1.50_Besc_5000_sigmaR_0.216_SE_reference_AE_historical",1.5,5000,"R-OM","recruitment_sensitivity","source_OM_sigmaR","conditioned_OM_recent10",,,,,TRUE,FALSE,"S2","REF","Effect of source-OM recruitment process-error SD using paired standard-normal deviates.","IMPLEMENTED_PENDING_FULL_MSE_VALIDATION",2025,2054,4721,6561,0.05,"get_Fprop",5,100,10,1000,10,"same_standard_normal_deviates_as_REF","same_historical_AE_draws_where_enabled","same_empirical_S2_CV_by_global_trajectory_where_enabled",FALSE,"R-OM__Fcap_1.50_Besc_5000_sigmaR_0.216_SE_reference_AE_historical"
17,"Fcap_1.70_Besc_5000_sigmaR_0.216_SE_reference_AE_historical",1.7,5000,"R-OM","recruitment_sensitivity","source_OM_sigmaR","conditioned_OM_recent10",,,,,TRUE,FALSE,"S2","REF","Effect of source-OM recruitment process-error SD using paired standard-normal deviates.","IMPLEMENTED_PENDING_FULL_MSE_VALIDATION",2025,2054,4721,6561,0.05,"get_Fprop",5,100,10,1000,10,"same_standard_normal_deviates_as_REF","same_historical_AE_draws_where_enabled","same_empirical_S2_CV_by_global_trajectory_where_enabled",FALSE,"R-OM__Fcap_1.70_Besc_5000_sigmaR_0.216_SE_reference_AE_historical"
25,"Fcap_1.80_Besc_5000_sigmaR_0.216_SE_reference_AE_historical",1.8,5000,"R-OM","recruitment_sensitivity","source_OM_sigmaR","conditioned_OM_recent10",,,,,TRUE,FALSE,"S2","REF","Effect of source-OM recruitment process-error SD using paired standard-normal deviates.","IMPLEMENTED_PENDING_FULL_MSE_VALIDATION",2025,2054,4721,6561,0.05,"get_Fprop",5,100,10,1000,10,"same_standard_normal_deviates_as_REF","same_historical_AE_draws_where_enabled","same_empirical_S2_CV_by_global_trajectory_where_enabled",FALSE,"R-OM__Fcap_1.80_Besc_5000_sigmaR_0.216_SE_reference_AE_historical"
10,"Fcap_1.50_Besc_6561_sigmaR_0.216_SE_reference_AE_historical",1.5,6561,"R-OM","recruitment_sensitivity","source_OM_sigmaR","conditioned_OM_recent10",,,,,TRUE,FALSE,"S2","REF","Effect of source-OM recruitment process-error SD using paired standard-normal deviates.","IMPLEMENTED_PENDING_FULL_MSE_VALIDATION",2025,2054,4721,6561,0.05,"get_Fprop",5,100,10,1000,10,"same_standard_normal_deviates_as_REF","same_historical_AE_draws_where_enabled","same_empirical_S2_CV_by_global_trajectory_where_enabled",FALSE,"R-OM__Fcap_1.50_Besc_6561_sigmaR_0.216_SE_reference_AE_historical"
18,"Fcap_1.70_Besc_6561_sigmaR_0.216_SE_reference_AE_historical",1.7,6561,"R-OM","recruitment_sensitivity","source_OM_sigmaR","conditioned_OM_recent10",,,,,TRUE,FALSE,"S2","REF","Effect of source-OM recruitment process-error SD using paired standard-normal deviates.","IMPLEMENTED_PENDING_FULL_MSE_VALIDATION",2025,2054,4721,6561,0.05,"get_Fprop",5,100,10,1000,10,"same_standard_normal_deviates_as_REF","same_historical_AE_draws_where_enabled","same_empirical_S2_CV_by_global_trajectory_where_enabled",FALSE,"R-OM__Fcap_1.70_Besc_6561_sigmaR_0.216_SE_reference_AE_historical"
26,"Fcap_1.80_Besc_6561_sigmaR_0.216_SE_reference_AE_historical",1.8,6561,"R-OM","recruitment_sensitivity","source_OM_sigmaR","conditioned_OM_recent10",,,,,TRUE,FALSE,"S2","REF","Effect of source-OM recruitment process-error SD using paired standard-normal deviates.","IMPLEMENTED_PENDING_FULL_MSE_VALIDATION",2025,2054,4721,6561,0.05,"get_Fprop",5,100,10,1000,10,"same_standard_normal_deviates_as_REF","same_historical_AE_draws_where_enabled","same_empirical_S2_CV_by_global_trajectory_where_enabled",FALSE,"R-OM__Fcap_1.80_Besc_6561_sigmaR_0.216_SE_reference_AE_historical"
11,"Fcap_1.50_Besc_7250_sigmaR_0.216_SE_reference_AE_historical",1.5,7250,"R-OM","recruitment_sensitivity","source_OM_sigmaR","conditioned_OM_recent10",,,,,TRUE,FALSE,"S2","REF","Effect of source-OM recruitment process-error SD using paired standard-normal deviates.","IMPLEMENTED_PENDING_FULL_MSE_VALIDATION",2025,2054,4721,6561,0.05,"get_Fprop",5,100,10,1000,10,"same_standard_normal_deviates_as_REF","same_historical_AE_draws_where_enabled","same_empirical_S2_CV_by_global_trajectory_where_enabled",FALSE,"R-OM__Fcap_1.50_Besc_7250_sigmaR_0.216_SE_reference_AE_historical"
19,"Fcap_1.70_Besc_7250_sigmaR_0.216_SE_reference_AE_historical",1.7,7250,"R-OM","recruitment_sensitivity","source_OM_sigmaR","conditioned_OM_recent10",,,,,TRUE,FALSE,"S2","REF","Effect of source-OM recruitment process-error SD using paired standard-normal deviates.","IMPLEMENTED_PENDING_FULL_MSE_VALIDATION",2025,2054,4721,6561,0.05,"get_Fprop",5,100,10,1000,10,"same_standard_normal_deviates_as_REF","same_historical_AE_draws_where_enabled","same_empirical_S2_CV_by_global_trajectory_where_enabled",FALSE,"R-OM__Fcap_1.70_Besc_7250_sigmaR_0.216_SE_reference_AE_historical"
27,"Fcap_1.80_Besc_7250_sigmaR_0.216_SE_reference_AE_historical",1.8,7250,"R-OM","recruitment_sensitivity","source_OM_sigmaR","conditioned_OM_recent10",,,,,TRUE,FALSE,"S2","REF","Effect of source-OM recruitment process-error SD using paired standard-normal deviates.","IMPLEMENTED_PENDING_FULL_MSE_VALIDATION",2025,2054,4721,6561,0.05,"get_Fprop",5,100,10,1000,10,"same_standard_normal_deviates_as_REF","same_historical_AE_draws_where_enabled","same_empirical_S2_CV_by_global_trajectory_where_enabled",FALSE,"R-OM__Fcap_1.80_Besc_7250_sigmaR_0.216_SE_reference_AE_historical"
12,"Fcap_1.50_Besc_8000_sigmaR_0.216_SE_reference_AE_historical",1.5,8000,"R-OM","recruitment_sensitivity","source_OM_sigmaR","conditioned_OM_recent10",,,,,TRUE,FALSE,"S2","REF","Effect of source-OM recruitment process-error SD using paired standard-normal deviates.","IMPLEMENTED_PENDING_FULL_MSE_VALIDATION",2025,2054,4721,6561,0.05,"get_Fprop",5,100,10,1000,10,"same_standard_normal_deviates_as_REF","same_historical_AE_draws_where_enabled","same_empirical_S2_CV_by_global_trajectory_where_enabled",FALSE,"R-OM__Fcap_1.50_Besc_8000_sigmaR_0.216_SE_reference_AE_historical"
20,"Fcap_1.70_Besc_8000_sigmaR_0.216_SE_reference_AE_historical",1.7,8000,"R-OM","recruitment_sensitivity","source_OM_sigmaR","conditioned_OM_recent10",,,,,TRUE,FALSE,"S2","REF","Effect of source-OM recruitment process-error SD using paired standard-normal deviates.","IMPLEMENTED_PENDING_FULL_MSE_VALIDATION",2025,2054,4721,6561,0.05,"get_Fprop",5,100,10,1000,10,"same_standard_normal_deviates_as_REF","same_historical_AE_draws_where_enabled","same_empirical_S2_CV_by_global_trajectory_where_enabled",FALSE,"R-OM__Fcap_1.70_Besc_8000_sigmaR_0.216_SE_reference_AE_historical"
28,"Fcap_1.80_Besc_8000_sigmaR_0.216_SE_reference_AE_historical",1.8,8000,"R-OM","recruitment_sensitivity","source_OM_sigmaR","conditioned_OM_recent10",,,,,TRUE,FALSE,"S2","REF","Effect of source-OM recruitment process-error SD using paired standard-normal deviates.","IMPLEMENTED_PENDING_FULL_MSE_VALIDATION",2025,2054,4721,6561,0.05,"get_Fprop",5,100,10,1000,10,"same_standard_normal_deviates_as_REF","same_historical_AE_draws_where_enabled","same_empirical_S2_CV_by_global_trajectory_where_enabled",FALSE,"R-OM__Fcap_1.80_Besc_8000_sigmaR_0.216_SE_reference_AE_historical"
9,"Fcap_1.50_Besc_5000_sigmaR_0.216_SE_reference_AE_historical",1.5,5000,"S-C1","seasonal_sensitivity","reference_common","fixed_C1",0.271,0.534,0.164,0.031,TRUE,FALSE,"S2","REF","Effect of historical cluster-1 OM seasonal catch allocation.","PENDING_IMPLEMENTATION_AND_VALIDATION",2025,2054,4721,6561,0.05,"get_Fprop",5,100,10,1000,10,"same_standard_normal_deviates_as_REF","same_historical_AE_draws_where_enabled","same_empirical_S2_CV_by_global_trajectory_where_enabled",FALSE,"S-C1__Fcap_1.50_Besc_5000_sigmaR_0.216_SE_reference_AE_historical"
17,"Fcap_1.70_Besc_5000_sigmaR_0.216_SE_reference_AE_historical",1.7,5000,"S-C1","seasonal_sensitivity","reference_common","fixed_C1",0.271,0.534,0.164,0.031,TRUE,FALSE,"S2","REF","Effect of historical cluster-1 OM seasonal catch allocation.","PENDING_IMPLEMENTATION_AND_VALIDATION",2025,2054,4721,6561,0.05,"get_Fprop",5,100,10,1000,10,"same_standard_normal_deviates_as_REF","same_historical_AE_draws_where_enabled","same_empirical_S2_CV_by_global_trajectory_where_enabled",FALSE,"S-C1__Fcap_1.70_Besc_5000_sigmaR_0.216_SE_reference_AE_historical"
25,"Fcap_1.80_Besc_5000_sigmaR_0.216_SE_reference_AE_historical",1.8,5000,"S-C1","seasonal_sensitivity","reference_common","fixed_C1",0.271,0.534,0.164,0.031,TRUE,FALSE,"S2","REF","Effect of historical cluster-1 OM seasonal catch allocation.","PENDING_IMPLEMENTATION_AND_VALIDATION",2025,2054,4721,6561,0.05,"get_Fprop",5,100,10,1000,10,"same_standard_normal_deviates_as_REF","same_historical_AE_draws_where_enabled","same_empirical_S2_CV_by_global_trajectory_where_enabled",FALSE,"S-C1__Fcap_1.80_Besc_5000_sigmaR_0.216_SE_reference_AE_historical"
10,"Fcap_1.50_Besc_6561_sigmaR_0.216_SE_reference_AE_historical",1.5,6561,"S-C1","seasonal_sensitivity","reference_common","fixed_C1",0.271,0.534,0.164,0.031,TRUE,FALSE,"S2","REF","Effect of historical cluster-1 OM seasonal catch allocation.","PENDING_IMPLEMENTATION_AND_VALIDATION",2025,2054,4721,6561,0.05,"get_Fprop",5,100,10,1000,10,"same_standard_normal_deviates_as_REF","same_historical_AE_draws_where_enabled","same_empirical_S2_CV_by_global_trajectory_where_enabled",FALSE,"S-C1__Fcap_1.50_Besc_6561_sigmaR_0.216_SE_reference_AE_historical"
18,"Fcap_1.70_Besc_6561_sigmaR_0.216_SE_reference_AE_historical",1.7,6561,"S-C1","seasonal_sensitivity","reference_common","fixed_C1",0.271,0.534,0.164,0.031,TRUE,FALSE,"S2","REF","Effect of historical cluster-1 OM seasonal catch allocation.","PENDING_IMPLEMENTATION_AND_VALIDATION",2025,2054,4721,6561,0.05,"get_Fprop",5,100,10,1000,10,"same_standard_normal_deviates_as_REF","same_historical_AE_draws_where_enabled","same_empirical_S2_CV_by_global_trajectory_where_enabled",FALSE,"S-C1__Fcap_1.70_Besc_6561_sigmaR_0.216_SE_reference_AE_historical"
26,"Fcap_1.80_Besc_6561_sigmaR_0.216_SE_reference_AE_historical",1.8,6561,"S-C1","seasonal_sensitivity","reference_common","fixed_C1",0.271,0.534,0.164,0.031,TRUE,FALSE,"S2","REF","Effect of historical cluster-1 OM seasonal catch allocation.","PENDING_IMPLEMENTATION_AND_VALIDATION",2025,2054,4721,6561,0.05,"get_Fprop",5,100,10,1000,10,"same_standard_normal_deviates_as_REF","same_historical_AE_draws_where_enabled","same_empirical_S2_CV_by_global_trajectory_where_enabled",FALSE,"S-C1__Fcap_1.80_Besc_6561_sigmaR_0.216_SE_reference_AE_historical"
11,"Fcap_1.50_Besc_7250_sigmaR_0.216_SE_reference_AE_historical",1.5,7250,"S-C1","seasonal_sensitivity","reference_common","fixed_C1",0.271,0.534,0.164,0.031,TRUE,FALSE,"S2","REF","Effect of historical cluster-1 OM seasonal catch allocation.","PENDING_IMPLEMENTATION_AND_VALIDATION",2025,2054,4721,6561,0.05,"get_Fprop",5,100,10,1000,10,"same_standard_normal_deviates_as_REF","same_historical_AE_draws_where_enabled","same_empirical_S2_CV_by_global_trajectory_where_enabled",FALSE,"S-C1__Fcap_1.50_Besc_7250_sigmaR_0.216_SE_reference_AE_historical"
19,"Fcap_1.70_Besc_7250_sigmaR_0.216_SE_reference_AE_historical",1.7,7250,"S-C1","seasonal_sensitivity","reference_common","fixed_C1",0.271,0.534,0.164,0.031,TRUE,FALSE,"S2","REF","Effect of historical cluster-1 OM seasonal catch allocation.","PENDING_IMPLEMENTATION_AND_VALIDATION",2025,2054,4721,6561,0.05,"get_Fprop",5,100,10,1000,10,"same_standard_normal_deviates_as_REF","same_historical_AE_draws_where_enabled","same_empirical_S2_CV_by_global_trajectory_where_enabled",FALSE,"S-C1__Fcap_1.70_Besc_7250_sigmaR_0.216_SE_reference_AE_historical"
27,"Fcap_1.80_Besc_7250_sigmaR_0.216_SE_reference_AE_historical",1.8,7250,"S-C1","seasonal_sensitivity","reference_common","fixed_C1",0.271,0.534,0.164,0.031,TRUE,FALSE,"S2","REF","Effect of historical cluster-1 OM seasonal catch allocation.","PENDING_IMPLEMENTATION_AND_VALIDATION",2025,2054,4721,6561,0.05,"get_Fprop",5,100,10,1000,10,"same_standard_normal_deviates_as_REF","same_historical_AE_draws_where_enabled","same_empirical_S2_CV_by_global_trajectory_where_enabled",FALSE,"S-C1__Fcap_1.80_Besc_7250_sigmaR_0.216_SE_reference_AE_historical"
12,"Fcap_1.50_Besc_8000_sigmaR_0.216_SE_reference_AE_historical",1.5,8000,"S-C1","seasonal_sensitivity","reference_common","fixed_C1",0.271,0.534,0.164,0.031,TRUE,FALSE,"S2","REF","Effect of historical cluster-1 OM seasonal catch allocation.","PENDING_IMPLEMENTATION_AND_VALIDATION",2025,2054,4721,6561,0.05,"get_Fprop",5,100,10,1000,10,"same_standard_normal_deviates_as_REF","same_historical_AE_draws_where_enabled","same_empirical_S2_CV_by_global_trajectory_where_enabled",FALSE,"S-C1__Fcap_1.50_Besc_8000_sigmaR_0.216_SE_reference_AE_historical"
20,"Fcap_1.70_Besc_8000_sigmaR_0.216_SE_reference_AE_historical",1.7,8000,"S-C1","seasonal_sensitivity","reference_common","fixed_C1",0.271,0.534,0.164,0.031,TRUE,FALSE,"S2","REF","Effect of historical cluster-1 OM seasonal catch allocation.","PENDING_IMPLEMENTATION_AND_VALIDATION",2025,2054,4721,6561,0.05,"get_Fprop",5,100,10,1000,10,"same_standard_normal_deviates_as_REF","same_historical_AE_draws_where_enabled","same_empirical_S2_CV_by_global_trajectory_where_enabled",FALSE,"S-C1__Fcap_1.70_Besc_8000_sigmaR_0.216_SE_reference_AE_historical"
28,"Fcap_1.80_Besc_8000_sigmaR_0.216_SE_reference_AE_historical",1.8,8000,"S-C1","seasonal_sensitivity","reference_common","fixed_C1",0.271,0.534,0.164,0.031,TRUE,FALSE,"S2","REF","Effect of historical cluster-1 OM seasonal catch allocation.","PENDING_IMPLEMENTATION_AND_VALIDATION",2025,2054,4721,6561,0.05,"get_Fprop",5,100,10,1000,10,"same_standard_normal_deviates_as_REF","same_historical_AE_draws_where_enabled","same_empirical_S2_CV_by_global_trajectory_where_enabled",FALSE,"S-C1__Fcap_1.80_Besc_8000_sigmaR_0.216_SE_reference_AE_historical"
9,"Fcap_1.50_Besc_5000_sigmaR_0.216_SE_reference_AE_historical",1.5,5000,"S-C2","seasonal_sensitivity","reference_common","fixed_C2",0.235,0.309,0.299,0.157,TRUE,FALSE,"S2","REF","Effect of historical cluster-2 OM seasonal catch allocation.","PENDING_IMPLEMENTATION_AND_VALIDATION",2025,2054,4721,6561,0.05,"get_Fprop",5,100,10,1000,10,"same_standard_normal_deviates_as_REF","same_historical_AE_draws_where_enabled","same_empirical_S2_CV_by_global_trajectory_where_enabled",FALSE,"S-C2__Fcap_1.50_Besc_5000_sigmaR_0.216_SE_reference_AE_historical"
17,"Fcap_1.70_Besc_5000_sigmaR_0.216_SE_reference_AE_historical",1.7,5000,"S-C2","seasonal_sensitivity","reference_common","fixed_C2",0.235,0.309,0.299,0.157,TRUE,FALSE,"S2","REF","Effect of historical cluster-2 OM seasonal catch allocation.","PENDING_IMPLEMENTATION_AND_VALIDATION",2025,2054,4721,6561,0.05,"get_Fprop",5,100,10,1000,10,"same_standard_normal_deviates_as_REF","same_historical_AE_draws_where_enabled","same_empirical_S2_CV_by_global_trajectory_where_enabled",FALSE,"S-C2__Fcap_1.70_Besc_5000_sigmaR_0.216_SE_reference_AE_historical"
25,"Fcap_1.80_Besc_5000_sigmaR_0.216_SE_reference_AE_historical",1.8,5000,"S-C2","seasonal_sensitivity","reference_common","fixed_C2",0.235,0.309,0.299,0.157,TRUE,FALSE,"S2","REF","Effect of historical cluster-2 OM seasonal catch allocation.","PENDING_IMPLEMENTATION_AND_VALIDATION",2025,2054,4721,6561,0.05,"get_Fprop",5,100,10,1000,10,"same_standard_normal_deviates_as_REF","same_historical_AE_draws_where_enabled","same_empirical_S2_CV_by_global_trajectory_where_enabled",FALSE,"S-C2__Fcap_1.80_Besc_5000_sigmaR_0.216_SE_reference_AE_historical"
10,"Fcap_1.50_Besc_6561_sigmaR_0.216_SE_reference_AE_historical",1.5,6561,"S-C2","seasonal_sensitivity","reference_common","fixed_C2",0.235,0.309,0.299,0.157,TRUE,FALSE,"S2","REF","Effect of historical cluster-2 OM seasonal catch allocation.","PENDING_IMPLEMENTATION_AND_VALIDATION",2025,2054,4721,6561,0.05,"get_Fprop",5,100,10,1000,10,"same_standard_normal_deviates_as_REF","same_historical_AE_draws_where_enabled","same_empirical_S2_CV_by_global_trajectory_where_enabled",FALSE,"S-C2__Fcap_1.50_Besc_6561_sigmaR_0.216_SE_reference_AE_historical"
18,"Fcap_1.70_Besc_6561_sigmaR_0.216_SE_reference_AE_historical",1.7,6561,"S-C2","seasonal_sensitivity","reference_common","fixed_C2",0.235,0.309,0.299,0.157,TRUE,FALSE,"S2","REF","Effect of historical cluster-2 OM seasonal catch allocation.","PENDING_IMPLEMENTATION_AND_VALIDATION",2025,2054,4721,6561,0.05,"get_Fprop",5,100,10,1000,10,"same_standard_normal_deviates_as_REF","same_historical_AE_draws_where_enabled","same_empirical_S2_CV_by_global_trajectory_where_enabled",FALSE,"S-C2__Fcap_1.70_Besc_6561_sigmaR_0.216_SE_reference_AE_historical"
26,"Fcap_1.80_Besc_6561_sigmaR_0.216_SE_reference_AE_historical",1.8,6561,"S-C2","seasonal_sensitivity","reference_common","fixed_C2",0.235,0.309,0.299,0.157,TRUE,FALSE,"S2","REF","Effect of historical cluster-2 OM seasonal catch allocation.","PENDING_IMPLEMENTATION_AND_VALIDATION",2025,2054,4721,6561,0.05,"get_Fprop",5,100,10,1000,10,"same_standard_normal_deviates_as_REF","same_historical_AE_draws_where_enabled","same_empirical_S2_CV_by_global_trajectory_where_enabled",FALSE,"S-C2__Fcap_1.80_Besc_6561_sigmaR_0.216_SE_reference_AE_historical"
11,"Fcap_1.50_Besc_7250_sigmaR_0.216_SE_reference_AE_historical",1.5,7250,"S-C2","seasonal_sensitivity","reference_common","fixed_C2",0.235,0.309,0.299,0.157,TRUE,FALSE,"S2","REF","Effect of historical cluster-2 OM seasonal catch allocation.","PENDING_IMPLEMENTATION_AND_VALIDATION",2025,2054,4721,6561,0.05,"get_Fprop",5,100,10,1000,10,"same_standard_normal_deviates_as_REF","same_historical_AE_draws_where_enabled","same_empirical_S2_CV_by_global_trajectory_where_enabled",FALSE,"S-C2__Fcap_1.50_Besc_7250_sigmaR_0.216_SE_reference_AE_historical"
19,"Fcap_1.70_Besc_7250_sigmaR_0.216_SE_reference_AE_historical",1.7,7250,"S-C2","seasonal_sensitivity","reference_common","fixed_C2",0.235,0.309,0.299,0.157,TRUE,FALSE,"S2","REF","Effect of historical cluster-2 OM seasonal catch allocation.","PENDING_IMPLEMENTATION_AND_VALIDATION",2025,2054,4721,6561,0.05,"get_Fprop",5,100,10,1000,10,"same_standard_normal_deviates_as_REF","same_historical_AE_draws_where_enabled","same_empirical_S2_CV_by_global_trajectory_where_enabled",FALSE,"S-C2__Fcap_1.70_Besc_7250_sigmaR_0.216_SE_reference_AE_historical"
27,"Fcap_1.80_Besc_7250_sigmaR_0.216_SE_reference_AE_historical",1.8,7250,"S-C2","seasonal_sensitivity","reference_common","fixed_C2",0.235,0.309,0.299,0.157,TRUE,FALSE,"S2","REF","Effect of historical cluster-2 OM seasonal catch allocation.","PENDING_IMPLEMENTATION_AND_VALIDATION",2025,2054,4721,6561,0.05,"get_Fprop",5,100,10,1000,10,"same_standard_normal_deviates_as_REF","same_historical_AE_draws_where_enabled","same_empirical_S2_CV_by_global_trajectory_where_enabled",FALSE,"S-C2__Fcap_1.80_Besc_7250_sigmaR_0.216_SE_reference_AE_historical"
12,"Fcap_1.50_Besc_8000_sigmaR_0.216_SE_reference_AE_historical",1.5,8000,"S-C2","seasonal_sensitivity","reference_common","fixed_C2",0.235,0.309,0.299,0.157,TRUE,FALSE,"S2","REF","Effect of historical cluster-2 OM seasonal catch allocation.","PENDING_IMPLEMENTATION_AND_VALIDATION",2025,2054,4721,6561,0.05,"get_Fprop",5,100,10,1000,10,"same_standard_normal_deviates_as_REF","same_historical_AE_draws_where_enabled","same_empirical_S2_CV_by_global_trajectory_where_enabled",FALSE,"S-C2__Fcap_1.50_Besc_8000_sigmaR_0.216_SE_reference_AE_historical"
20,"Fcap_1.70_Besc_8000_sigmaR_0.216_SE_reference_AE_historical",1.7,8000,"S-C2","seasonal_sensitivity","reference_common","fixed_C2",0.235,0.309,0.299,0.157,TRUE,FALSE,"S2","REF","Effect of historical cluster-2 OM seasonal catch allocation.","PENDING_IMPLEMENTATION_AND_VALIDATION",2025,2054,4721,6561,0.05,"get_Fprop",5,100,10,1000,10,"same_standard_normal_deviates_as_REF","same_historical_AE_draws_where_enabled","same_empirical_S2_CV_by_global_trajectory_where_enabled",FALSE,"S-C2__Fcap_1.70_Besc_8000_sigmaR_0.216_SE_reference_AE_historical"
28,"Fcap_1.80_Besc_8000_sigmaR_0.216_SE_reference_AE_historical",1.8,8000,"S-C2","seasonal_sensitivity","reference_common","fixed_C2",0.235,0.309,0.299,0.157,TRUE,FALSE,"S2","REF","Effect of historical cluster-2 OM seasonal catch allocation.","PENDING_IMPLEMENTATION_AND_VALIDATION",2025,2054,4721,6561,0.05,"get_Fprop",5,100,10,1000,10,"same_standard_normal_deviates_as_REF","same_historical_AE_draws_where_enabled","same_empirical_S2_CV_by_global_trajectory_where_enabled",FALSE,"S-C2__Fcap_1.80_Besc_8000_sigmaR_0.216_SE_reference_AE_historical"
9,"Fcap_1.50_Besc_5000_sigmaR_0.216_SE_reference_AE_historical",1.5,5000,"I0","information_endpoint","reference_common","conditioned_OM_recent10",,,,,FALSE,FALSE,"S0","I1","Perfect-state, deterministic-forecast endpoint; compare with I1 for assessment error and REF for combined information effect.","IMPLEMENTATION_AND_EVALUATION_STATUS_TO_CHECK",2025,2054,4721,6561,0.05,"get_Fprop",5,100,10,1000,10,"same_standard_normal_deviates_as_REF","same_historical_AE_draws_where_enabled","same_empirical_S2_CV_by_global_trajectory_where_enabled",FALSE,"I0__Fcap_1.50_Besc_5000_sigmaR_0.216_SE_reference_AE_historical"
17,"Fcap_1.70_Besc_5000_sigmaR_0.216_SE_reference_AE_historical",1.7,5000,"I0","information_endpoint","reference_common","conditioned_OM_recent10",,,,,FALSE,FALSE,"S0","I1","Perfect-state, deterministic-forecast endpoint; compare with I1 for assessment error and REF for combined information effect.","IMPLEMENTATION_AND_EVALUATION_STATUS_TO_CHECK",2025,2054,4721,6561,0.05,"get_Fprop",5,100,10,1000,10,"same_standard_normal_deviates_as_REF","same_historical_AE_draws_where_enabled","same_empirical_S2_CV_by_global_trajectory_where_enabled",FALSE,"I0__Fcap_1.70_Besc_5000_sigmaR_0.216_SE_reference_AE_historical"
25,"Fcap_1.80_Besc_5000_sigmaR_0.216_SE_reference_AE_historical",1.8,5000,"I0","information_endpoint","reference_common","conditioned_OM_recent10",,,,,FALSE,FALSE,"S0","I1","Perfect-state, deterministic-forecast endpoint; compare with I1 for assessment error and REF for combined information effect.","IMPLEMENTATION_AND_EVALUATION_STATUS_TO_CHECK",2025,2054,4721,6561,0.05,"get_Fprop",5,100,10,1000,10,"same_standard_normal_deviates_as_REF","same_historical_AE_draws_where_enabled","same_empirical_S2_CV_by_global_trajectory_where_enabled",FALSE,"I0__Fcap_1.80_Besc_5000_sigmaR_0.216_SE_reference_AE_historical"
10,"Fcap_1.50_Besc_6561_sigmaR_0.216_SE_reference_AE_historical",1.5,6561,"I0","information_endpoint","reference_common","conditioned_OM_recent10",,,,,FALSE,FALSE,"S0","I1","Perfect-state, deterministic-forecast endpoint; compare with I1 for assessment error and REF for combined information effect.","IMPLEMENTATION_AND_EVALUATION_STATUS_TO_CHECK",2025,2054,4721,6561,0.05,"get_Fprop",5,100,10,1000,10,"same_standard_normal_deviates_as_REF","same_historical_AE_draws_where_enabled","same_empirical_S2_CV_by_global_trajectory_where_enabled",FALSE,"I0__Fcap_1.50_Besc_6561_sigmaR_0.216_SE_reference_AE_historical"
18,"Fcap_1.70_Besc_6561_sigmaR_0.216_SE_reference_AE_historical",1.7,6561,"I0","information_endpoint","reference_common","conditioned_OM_recent10",,,,,FALSE,FALSE,"S0","I1","Perfect-state, deterministic-forecast endpoint; compare with I1 for assessment error and REF for combined information effect.","IMPLEMENTATION_AND_EVALUATION_STATUS_TO_CHECK",2025,2054,4721,6561,0.05,"get_Fprop",5,100,10,1000,10,"same_standard_normal_deviates_as_REF","same_historical_AE_draws_where_enabled","same_empirical_S2_CV_by_global_trajectory_where_enabled",FALSE,"I0__Fcap_1.70_Besc_6561_sigmaR_0.216_SE_reference_AE_historical"
26,"Fcap_1.80_Besc_6561_sigmaR_0.216_SE_reference_AE_historical",1.8,6561,"I0","information_endpoint","reference_common","conditioned_OM_recent10",,,,,FALSE,FALSE,"S0","I1","Perfect-state, deterministic-forecast endpoint; compare with I1 for assessment error and REF for combined information effect.","IMPLEMENTATION_AND_EVALUATION_STATUS_TO_CHECK",2025,2054,4721,6561,0.05,"get_Fprop",5,100,10,1000,10,"same_standard_normal_deviates_as_REF","same_historical_AE_draws_where_enabled","same_empirical_S2_CV_by_global_trajectory_where_enabled",FALSE,"I0__Fcap_1.80_Besc_6561_sigmaR_0.216_SE_reference_AE_historical"
11,"Fcap_1.50_Besc_7250_sigmaR_0.216_SE_reference_AE_historical",1.5,7250,"I0","information_endpoint","reference_common","conditioned_OM_recent10",,,,,FALSE,FALSE,"S0","I1","Perfect-state, deterministic-forecast endpoint; compare with I1 for assessment error and REF for combined information effect.","IMPLEMENTATION_AND_EVALUATION_STATUS_TO_CHECK",2025,2054,4721,6561,0.05,"get_Fprop",5,100,10,1000,10,"same_standard_normal_deviates_as_REF","same_historical_AE_draws_where_enabled","same_empirical_S2_CV_by_global_trajectory_where_enabled",FALSE,"I0__Fcap_1.50_Besc_7250_sigmaR_0.216_SE_reference_AE_historical"
19,"Fcap_1.70_Besc_7250_sigmaR_0.216_SE_reference_AE_historical",1.7,7250,"I0","information_endpoint","reference_common","conditioned_OM_recent10",,,,,FALSE,FALSE,"S0","I1","Perfect-state, deterministic-forecast endpoint; compare with I1 for assessment error and REF for combined information effect.","IMPLEMENTATION_AND_EVALUATION_STATUS_TO_CHECK",2025,2054,4721,6561,0.05,"get_Fprop",5,100,10,1000,10,"same_standard_normal_deviates_as_REF","same_historical_AE_draws_where_enabled","same_empirical_S2_CV_by_global_trajectory_where_enabled",FALSE,"I0__Fcap_1.70_Besc_7250_sigmaR_0.216_SE_reference_AE_historical"
27,"Fcap_1.80_Besc_7250_sigmaR_0.216_SE_reference_AE_historical",1.8,7250,"I0","information_endpoint","reference_common","conditioned_OM_recent10",,,,,FALSE,FALSE,"S0","I1","Perfect-state, deterministic-forecast endpoint; compare with I1 for assessment error and REF for combined information effect.","IMPLEMENTATION_AND_EVALUATION_STATUS_TO_CHECK",2025,2054,4721,6561,0.05,"get_Fprop",5,100,10,1000,10,"same_standard_normal_deviates_as_REF","same_historical_AE_draws_where_enabled","same_empirical_S2_CV_by_global_trajectory_where_enabled",FALSE,"I0__Fcap_1.80_Besc_7250_sigmaR_0.216_SE_reference_AE_historical"
12,"Fcap_1.50_Besc_8000_sigmaR_0.216_SE_reference_AE_historical",1.5,8000,"I0","information_endpoint","reference_common","conditioned_OM_recent10",,,,,FALSE,FALSE,"S0","I1","Perfect-state, deterministic-forecast endpoint; compare with I1 for assessment error and REF for combined information effect.","IMPLEMENTATION_AND_EVALUATION_STATUS_TO_CHECK",2025,2054,4721,6561,0.05,"get_Fprop",5,100,10,1000,10,"same_standard_normal_deviates_as_REF","same_historical_AE_draws_where_enabled","same_empirical_S2_CV_by_global_trajectory_where_enabled",FALSE,"I0__Fcap_1.50_Besc_8000_sigmaR_0.216_SE_reference_AE_historical"
20,"Fcap_1.70_Besc_8000_sigmaR_0.216_SE_reference_AE_historical",1.7,8000,"I0","information_endpoint","reference_common","conditioned_OM_recent10",,,,,FALSE,FALSE,"S0","I1","Perfect-state, deterministic-forecast endpoint; compare with I1 for assessment error and REF for combined information effect.","IMPLEMENTATION_AND_EVALUATION_STATUS_TO_CHECK",2025,2054,4721,6561,0.05,"get_Fprop",5,100,10,1000,10,"same_standard_normal_deviates_as_REF","same_historical_AE_draws_where_enabled","same_empirical_S2_CV_by_global_trajectory_where_enabled",FALSE,"I0__Fcap_1.70_Besc_8000_sigmaR_0.216_SE_reference_AE_historical"
28,"Fcap_1.80_Besc_8000_sigmaR_0.216_SE_reference_AE_historical",1.8,8000,"I0","information_endpoint","reference_common","conditioned_OM_recent10",,,,,FALSE,FALSE,"S0","I1","Perfect-state, deterministic-forecast endpoint; compare with I1 for assessment error and REF for combined information effect.","IMPLEMENTATION_AND_EVALUATION_STATUS_TO_CHECK",2025,2054,4721,6561,0.05,"get_Fprop",5,100,10,1000,10,"same_standard_normal_deviates_as_REF","same_historical_AE_draws_where_enabled","same_empirical_S2_CV_by_global_trajectory_where_enabled",FALSE,"I0__Fcap_1.80_Besc_8000_sigmaR_0.216_SE_reference_AE_historical"
9,"Fcap_1.50_Besc_5000_sigmaR_0.216_SE_reference_AE_historical",1.5,5000,"I1","information_sensitivity","reference_common","conditioned_OM_recent10",,,,,TRUE,FALSE,"S0","REF","Historical assessment error with deterministic forecast; compare with REF for forecast uncertainty.","IMPLEMENTATION_AND_EVALUATION_STATUS_TO_CHECK",2025,2054,4721,6561,0.05,"get_Fprop",5,100,10,1000,10,"same_standard_normal_deviates_as_REF","same_historical_AE_draws_where_enabled","same_empirical_S2_CV_by_global_trajectory_where_enabled",FALSE,"I1__Fcap_1.50_Besc_5000_sigmaR_0.216_SE_reference_AE_historical"
17,"Fcap_1.70_Besc_5000_sigmaR_0.216_SE_reference_AE_historical",1.7,5000,"I1","information_sensitivity","reference_common","conditioned_OM_recent10",,,,,TRUE,FALSE,"S0","REF","Historical assessment error with deterministic forecast; compare with REF for forecast uncertainty.","IMPLEMENTATION_AND_EVALUATION_STATUS_TO_CHECK",2025,2054,4721,6561,0.05,"get_Fprop",5,100,10,1000,10,"same_standard_normal_deviates_as_REF","same_historical_AE_draws_where_enabled","same_empirical_S2_CV_by_global_trajectory_where_enabled",FALSE,"I1__Fcap_1.70_Besc_5000_sigmaR_0.216_SE_reference_AE_historical"
25,"Fcap_1.80_Besc_5000_sigmaR_0.216_SE_reference_AE_historical",1.8,5000,"I1","information_sensitivity","reference_common","conditioned_OM_recent10",,,,,TRUE,FALSE,"S0","REF","Historical assessment error with deterministic forecast; compare with REF for forecast uncertainty.","IMPLEMENTATION_AND_EVALUATION_STATUS_TO_CHECK",2025,2054,4721,6561,0.05,"get_Fprop",5,100,10,1000,10,"same_standard_normal_deviates_as_REF","same_historical_AE_draws_where_enabled","same_empirical_S2_CV_by_global_trajectory_where_enabled",FALSE,"I1__Fcap_1.80_Besc_5000_sigmaR_0.216_SE_reference_AE_historical"
10,"Fcap_1.50_Besc_6561_sigmaR_0.216_SE_reference_AE_historical",1.5,6561,"I1","information_sensitivity","reference_common","conditioned_OM_recent10",,,,,TRUE,FALSE,"S0","REF","Historical assessment error with deterministic forecast; compare with REF for forecast uncertainty.","IMPLEMENTATION_AND_EVALUATION_STATUS_TO_CHECK",2025,2054,4721,6561,0.05,"get_Fprop",5,100,10,1000,10,"same_standard_normal_deviates_as_REF","same_historical_AE_draws_where_enabled","same_empirical_S2_CV_by_global_trajectory_where_enabled",FALSE,"I1__Fcap_1.50_Besc_6561_sigmaR_0.216_SE_reference_AE_historical"
18,"Fcap_1.70_Besc_6561_sigmaR_0.216_SE_reference_AE_historical",1.7,6561,"I1","information_sensitivity","reference_common","conditioned_OM_recent10",,,,,TRUE,FALSE,"S0","REF","Historical assessment error with deterministic forecast; compare with REF for forecast uncertainty.","IMPLEMENTATION_AND_EVALUATION_STATUS_TO_CHECK",2025,2054,4721,6561,0.05,"get_Fprop",5,100,10,1000,10,"same_standard_normal_deviates_as_REF","same_historical_AE_draws_where_enabled","same_empirical_S2_CV_by_global_trajectory_where_enabled",FALSE,"I1__Fcap_1.70_Besc_6561_sigmaR_0.216_SE_reference_AE_historical"
26,"Fcap_1.80_Besc_6561_sigmaR_0.216_SE_reference_AE_historical",1.8,6561,"I1","information_sensitivity","reference_common","conditioned_OM_recent10",,,,,TRUE,FALSE,"S0","REF","Historical assessment error with deterministic forecast; compare with REF for forecast uncertainty.","IMPLEMENTATION_AND_EVALUATION_STATUS_TO_CHECK",2025,2054,4721,6561,0.05,"get_Fprop",5,100,10,1000,10,"same_standard_normal_deviates_as_REF","same_historical_AE_draws_where_enabled","same_empirical_S2_CV_by_global_trajectory_where_enabled",FALSE,"I1__Fcap_1.80_Besc_6561_sigmaR_0.216_SE_reference_AE_historical"
11,"Fcap_1.50_Besc_7250_sigmaR_0.216_SE_reference_AE_historical",1.5,7250,"I1","information_sensitivity","reference_common","conditioned_OM_recent10",,,,,TRUE,FALSE,"S0","REF","Historical assessment error with deterministic forecast; compare with REF for forecast uncertainty.","IMPLEMENTATION_AND_EVALUATION_STATUS_TO_CHECK",2025,2054,4721,6561,0.05,"get_Fprop",5,100,10,1000,10,"same_standard_normal_deviates_as_REF","same_historical_AE_draws_where_enabled","same_empirical_S2_CV_by_global_trajectory_where_enabled",FALSE,"I1__Fcap_1.50_Besc_7250_sigmaR_0.216_SE_reference_AE_historical"
19,"Fcap_1.70_Besc_7250_sigmaR_0.216_SE_reference_AE_historical",1.7,7250,"I1","information_sensitivity","reference_common","conditioned_OM_recent10",,,,,TRUE,FALSE,"S0","REF","Historical assessment error with deterministic forecast; compare with REF for forecast uncertainty.","IMPLEMENTATION_AND_EVALUATION_STATUS_TO_CHECK",2025,2054,4721,6561,0.05,"get_Fprop",5,100,10,1000,10,"same_standard_normal_deviates_as_REF","same_historical_AE_draws_where_enabled","same_empirical_S2_CV_by_global_trajectory_where_enabled",FALSE,"I1__Fcap_1.70_Besc_7250_sigmaR_0.216_SE_reference_AE_historical"
27,"Fcap_1.80_Besc_7250_sigmaR_0.216_SE_reference_AE_historical",1.8,7250,"I1","information_sensitivity","reference_common","conditioned_OM_recent10",,,,,TRUE,FALSE,"S0","REF","Historical assessment error with deterministic forecast; compare with REF for forecast uncertainty.","IMPLEMENTATION_AND_EVALUATION_STATUS_TO_CHECK",2025,2054,4721,6561,0.05,"get_Fprop",5,100,10,1000,10,"same_standard_normal_deviates_as_REF","same_historical_AE_draws_where_enabled","same_empirical_S2_CV_by_global_trajectory_where_enabled",FALSE,"I1__Fcap_1.80_Besc_7250_sigmaR_0.216_SE_reference_AE_historical"
12,"Fcap_1.50_Besc_8000_sigmaR_0.216_SE_reference_AE_historical",1.5,8000,"I1","information_sensitivity","reference_common","conditioned_OM_recent10",,,,,TRUE,FALSE,"S0","REF","Historical assessment error with deterministic forecast; compare with REF for forecast uncertainty.","IMPLEMENTATION_AND_EVALUATION_STATUS_TO_CHECK",2025,2054,4721,6561,0.05,"get_Fprop",5,100,10,1000,10,"same_standard_normal_deviates_as_REF","same_historical_AE_draws_where_enabled","same_empirical_S2_CV_by_global_trajectory_where_enabled",FALSE,"I1__Fcap_1.50_Besc_8000_sigmaR_0.216_SE_reference_AE_historical"
20,"Fcap_1.70_Besc_8000_sigmaR_0.216_SE_reference_AE_historical",1.7,8000,"I1","information_sensitivity","reference_common","conditioned_OM_recent10",,,,,TRUE,FALSE,"S0","REF","Historical assessment error with deterministic forecast; compare with REF for forecast uncertainty.","IMPLEMENTATION_AND_EVALUATION_STATUS_TO_CHECK",2025,2054,4721,6561,0.05,"get_Fprop",5,100,10,1000,10,"same_standard_normal_deviates_as_REF","same_historical_AE_draws_where_enabled","same_empirical_S2_CV_by_global_trajectory_where_enabled",FALSE,"I1__Fcap_1.70_Besc_8000_sigmaR_0.216_SE_reference_AE_historical"
28,"Fcap_1.80_Besc_8000_sigmaR_0.216_SE_reference_AE_historical",1.8,8000,"I1","information_sensitivity","reference_common","conditioned_OM_recent10",,,,,TRUE,FALSE,"S0","REF","Historical assessment error with deterministic forecast; compare with REF for forecast uncertainty.","IMPLEMENTATION_AND_EVALUATION_STATUS_TO_CHECK",2025,2054,4721,6561,0.05,"get_Fprop",5,100,10,1000,10,"same_standard_normal_deviates_as_REF","same_historical_AE_draws_where_enabled","same_empirical_S2_CV_by_global_trajectory_where_enabled",FALSE,"I1__Fcap_1.80_Besc_8000_sigmaR_0.216_SE_reference_AE_historical"
