"scenario_number","scenario_id","Fcap","Besc","max_P_Blim","n_years_P_Blim_gt_005","P_ever_Blim","min_SSB","n_trajectories_SSB_open","P_trajectories_SSB_open","median_mean_SSB_open","mean_catch","n_trajectories_open","P_trajectories_open","mean_catch_open","median_mean_catch_open","mean_P_closed","mean_years_closed","median_years_closed","mean_IAV","median_IAV"
1,"Fcap_1.00_Besc_5000_sigmaR_0.216_SE_reference_AE_historical",1,5000,0,0,0,5491.86945935621,999,0.999,13797.1831542444,4865.72994302777,999,0.999,5662.98859231274,5508.86510700169,0.134566666666667,4.037,3,0.632523552413592,0.542211087153748
5,"Fcap_1.25_Besc_5000_sigmaR_0.216_SE_reference_AE_historical",1.25,5000,0,0,0,4853.70072343549,999,0.999,13554.8383832554,5366.74354275145,999,0.999,6497.89702956948,6312.84025916574,0.166166666666667,4.985,4,0.75410988138898,0.693733486887547
9,"Fcap_1.50_Besc_5000_sigmaR_0.216_SE_reference_AE_historical",1.5,5000,0.001,0,0.002,4058.99948358401,999,0.999,13333.9800957509,5747.72599726589,999,0.999,7226.44452345757,6996.77774356052,0.195866666666667,5.876,5,0.873538267248358,0.841321654193099
13,"Fcap_1.75_Besc_5000_sigmaR_0.216_SE_reference_AE_historical",1.75,5000,0.001,0,0.003,3397.04500592599,999,0.999,13200.9175253985,6040.15054594837,999,0.999,7887.91157611817,7664.89382506797,0.225033333333333,6.751,6,0.982525475740975,0.96181813109332
17,"Fcap_2.00_Besc_5000_sigmaR_0.216_SE_reference_AE_historical",2,5000,0.001,0,0.005,2942.94332890756,999,0.999,13042.1603357544,6281.37539564273,999,0.999,8507.23599829228,8283.80073932237,0.2519,7.557,7,1.07667010600696,1.08863201786302
2,"Fcap_1.00_Besc_6561_sigmaR_0.216_SE_reference_AE_historical",1,6561,0,0,0,5329.25602637134,993,0.993,15353.1567809685,3835.44617811251,993,0.993,6608.61682350056,6199.74809992557,0.386966666666667,11.609,11,1.08458616601725,1.13311112981706
6,"Fcap_1.25_Besc_6561_sigmaR_0.216_SE_reference_AE_historical",1.25,6561,0.001,0,0.002,4474.92819232552,993,0.993,15178.1952079594,4224.63777094128,993,0.993,7764.76985125411,7274.128981159,0.424833333333333,12.745,12,1.19526760600776,1.24724778803275
10,"Fcap_1.50_Besc_6561_sigmaR_0.216_SE_reference_AE_historical",1.5,6561,0.002,0,0.004,3777.86731439135,993,0.993,15016.011607144,4549.7596166255,993,0.993,8787.08936178345,8299.0552022383,0.4522,13.566,13,1.28116895954702,1.35496908840272
14,"Fcap_1.75_Besc_6561_sigmaR_0.216_SE_reference_AE_historical",1.75,6561,0.002,0,0.015,3089.54685656654,993,0.993,14873.3927587927,4835.02051249565,993,0.993,9737.39889600969,9096.60784308555,0.475166666666667,14.255,14,1.34370534803364,1.41576534806881
18,"Fcap_2.00_Besc_6561_sigmaR_0.216_SE_reference_AE_historical",2,6561,0.004,0,0.033,2421.8563302046,993,0.993,14751.3664758705,5071.05635995714,993,0.993,10552.7061258523,9913.89091447011,0.492833333333333,14.785,14,1.38921622196068,1.45998684602877
3,"Fcap_1.00_Besc_8000_sigmaR_0.216_SE_reference_AE_historical",1,8000,0,0,0,4859.86121387349,972,0.972,17001.3488266782,2825.57874374256,972,0.972,8446.99182719701,7722.84461015342,0.626666666666667,18.8,19,1.03495773042071,1.12378724287427
7,"Fcap_1.25_Besc_8000_sigmaR_0.216_SE_reference_AE_historical",1.25,8000,0.001,0,0.002,4098.9518416944,972,0.972,16778.9517442506,3166.97178089146,972,0.972,9923.72095222325,9101.66278904881,0.644866666666667,19.346,19,1.07055139817167,1.17241379310345
11,"Fcap_1.50_Besc_8000_sigmaR_0.216_SE_reference_AE_historical",1.5,8000,0.002,0,0.007,3256.30855206983,972,0.972,16559.3934681528,3449.73778037915,972,0.972,11217.5273149368,10353.596164139,0.659733333333333,19.792,20,1.09368780340245,1.18717522632311
15,"Fcap_1.75_Besc_8000_sigmaR_0.216_SE_reference_AE_historical",1.75,8000,0.004,0,0.039,2477.52489984157,972,0.972,16395.604807159,3688.54440151226,972,0.972,12346.5507907056,11462.5449740467,0.670466666666667,20.114,20,1.10345135622766,1.19070140386602
19,"Fcap_2.00_Besc_8000_sigmaR_0.216_SE_reference_AE_historical",2,8000,0.008,0,0.085,1841.35934873397,972,0.972,16279.9423031401,3889.76708825771,972,0.972,13341.4605707987,12286.1361512947,0.679,20.37,20,1.10807567152492,1.17436624655153
4,"Fcap_1.00_Besc_10000_sigmaR_0.216_SE_reference_AE_historical",1,10000,0.001,0,0.001,4514.55585544106,849,0.849,19300.4167961377,1580.50533004614,849,0.849,11637.5314716879,10860.4299637373,0.845733333333333,25.372,26,0.552369792142501,0.482758620689655
8,"Fcap_1.25_Besc_10000_sigmaR_0.216_SE_reference_AE_historical",1.25,10000,0.001,0,0.002,3601.06811495305,849,0.849,19035.3825622139,1796.06919287892,849,0.849,13612.8598628621,12680.99081336,0.851433333333333,25.543,26,0.54928381812203,0.421764525388771
12,"Fcap_1.50_Besc_10000_sigmaR_0.216_SE_reference_AE_historical",1.5,10000,0.001,0,0.006,2378.87049234353,849,0.849,18818.9456593601,1957.47703556438,849,0.849,15089.0570707892,14202.7342471539,0.855033333333333,25.651,26,0.546851434728326,0.417570560104638
16,"Fcap_1.75_Besc_10000_sigmaR_0.216_SE_reference_AE_historical",1.75,10000,0.004,0,0.032,1358.56341453038,849,0.849,18674.5405423012,2099.79841361923,849,0.849,16424.2418543052,15235.984911101,0.858166666666667,25.745,27,0.544757812414673,0.413793103448276
20,"Fcap_2.00_Besc_10000_sigmaR_0.216_SE_reference_AE_historical",2,10000,0.007,0,0.089,735.981672629242,849,0.849,18539.3267125732,2215.28556240043,849,0.849,17496.2604550555,16418.2726226287,0.8601,25.803,27,0.541545243705803,0.413793103448276
