"scenario_number","Fcap","Besc","max_P_Blim","P_ever_Blim","mean_catch","mean_catch_open","mean_P_closed","mean_years_closed","median_mean_SSB_open","median_IAV"
1,1,5000,0,0,4865.72994302777,5662.98859231274,0.134566666666667,4.037,13797.1831542444,0.542211087153748
5,1.25,5000,0,0,5366.74354275145,6497.89702956948,0.166166666666667,4.985,13554.8383832554,0.693733486887547
9,1.5,5000,0.001,0.002,5747.72599726589,7226.44452345757,0.195866666666667,5.876,13333.9800957509,0.841321654193099
13,1.75,5000,0.001,0.003,6040.15054594837,7887.91157611817,0.225033333333333,6.751,13200.9175253985,0.96181813109332
17,2,5000,0.001,0.005,6281.37539564273,8507.23599829228,0.2519,7.557,13042.1603357544,1.08863201786302
2,1,6561,0,0,3835.44617811251,6608.61682350056,0.386966666666667,11.609,15353.1567809685,1.13311112981706
6,1.25,6561,0.001,0.002,4224.63777094128,7764.76985125411,0.424833333333333,12.745,15178.1952079594,1.24724778803275
10,1.5,6561,0.002,0.004,4549.7596166255,8787.08936178345,0.4522,13.566,15016.011607144,1.35496908840272
14,1.75,6561,0.002,0.015,4835.02051249565,9737.39889600969,0.475166666666667,14.255,14873.3927587927,1.41576534806881
18,2,6561,0.004,0.033,5071.05635995714,10552.7061258523,0.492833333333333,14.785,14751.3664758705,1.45998684602877
3,1,8000,0,0,2825.57874374256,8446.99182719701,0.626666666666667,18.8,17001.3488266782,1.12378724287427
7,1.25,8000,0.001,0.002,3166.97178089146,9923.72095222325,0.644866666666667,19.346,16778.9517442506,1.17241379310345
11,1.5,8000,0.002,0.007,3449.73778037915,11217.5273149368,0.659733333333333,19.792,16559.3934681528,1.18717522632311
15,1.75,8000,0.004,0.039,3688.54440151226,12346.5507907056,0.670466666666667,20.114,16395.604807159,1.19070140386602
19,2,8000,0.008,0.085,3889.76708825771,13341.4605707987,0.679,20.37,16279.9423031401,1.17436624655153
4,1,10000,0.001,0.001,1580.50533004614,11637.5314716879,0.845733333333333,25.372,19300.4167961377,0.482758620689655
8,1.25,10000,0.001,0.002,1796.06919287892,13612.8598628621,0.851433333333333,25.543,19035.3825622139,0.421764525388771
12,1.5,10000,0.001,0.006,1957.47703556438,15089.0570707892,0.855033333333333,25.651,18818.9456593601,0.417570560104638
16,1.75,10000,0.004,0.032,2099.79841361923,16424.2418543052,0.858166666666667,25.745,18674.5405423012,0.413793103448276
20,2,10000,0.007,0.089,2215.28556240043,17496.2604550555,0.8601,25.803,18539.3267125732,0.413793103448276
