"iter1000","om","replicate","min_SSB_C0","median_SSB_C0","ever_blim_C0","ever_bpa_C0","min_SSB_C7000"
945,95,5,9810.76526934242,15940.6130031362,FALSE,FALSE,2.70978208135313e-34
741,75,1,8395.26869249613,13642.2650078336,FALSE,FALSE,1.11401207560566e-30
746,75,6,7364.97844495395,11606.619812271,FALSE,FALSE,1.78376216662079e-27
735,74,5,11169.6945202935,15700.8988547549,FALSE,FALSE,3.67310012859072e-26
173,18,3,11913.5644277346,14644.7064571256,FALSE,FALSE,6.04117147758363e-25
852,86,2,11370.8764840221,15255.8799305309,FALSE,FALSE,1.80032797701775e-18
942,95,2,9190.03553139565,14052.9122074469,FALSE,FALSE,2.12486262130572e-16
859,86,9,10918.7010131082,15563.5526999736,FALSE,FALSE,1.43677871910255e-14
597,60,7,7576.67739108318,15247.0428776915,FALSE,FALSE,1.9262688108759e-13
178,18,8,10559.7095703888,16788.1134027434,FALSE,FALSE,4.8046172116106e-13
733,74,3,10253.499859341,16785.9915558566,FALSE,FALSE,1.37645827075724e-12
678,68,8,9771.89460289925,15173.1295429574,FALSE,FALSE,3.5503557109663e-09
732,74,2,10811.7216013354,16395.2773173764,FALSE,FALSE,590.35527630555
