"year","n","median_F","q05_F","q95_F","min_F","max_F"
2025,1000,1.34580387337775,0.847831023657616,1.85003374214474,0.701402737289229,2.16647871339303
2026,1000,1.47130447512608,0.778360415243745,2.80541964488765,0.48124032390186,4.7734147237667
2027,1000,1.52452568111751,0.773316454918851,3.34762073626124,0.397732950642089,5.10030188798692
2028,1000,1.55881246699563,0.795824004258549,3.64500184885534,0.550051112092113,5.24619984586896
2029,1000,1.60497485044675,0.813231512926201,3.69729088929619,0.450358003426947,5.44436222575928
2030,1000,1.62565695468881,0.812210316341813,3.87424229590443,0.539945114484501,5.5521897010324
2031,1000,1.65907405544526,0.829882844035703,4.02739911598187,0.457757719986765,5.6577288077236
2032,1000,1.64398661282811,0.847361498452686,4.05033791249316,0.502590581653969,6.44846630556557
2033,1000,1.61738712217643,0.84652896404099,3.9898683132165,0.488708898417791,6.76741069560392
2034,1000,1.60547749097413,0.824657649688272,4.06804560477142,0.533316300144874,6.76741069560393
2035,1000,1.63515909511734,0.850930211266066,4.11465759118638,0.436836909142959,6.76741069560393
2036,1000,1.65812829150473,0.867588757915601,4.06035528159179,0.44087832888619,6.79382870567653
2037,1000,1.67746302182229,0.869754775603108,4.00457251070885,0.482124151719094,6.79382870567653
2038,1000,1.70256106840504,0.834140652449489,4.08599224939388,0.5932633536936,6.79382870567653
2039,1000,1.63861774337797,0.83757914922499,4.06993725037142,0.526120469526882,6.80367039471255
2040,1000,1.63046732130149,0.81575138894255,3.95772915897051,0.484035321246608,6.80367039471255
2041,1000,1.64344102712021,0.794763283722734,4.10633807167909,0.526298968304935,6.80367039471255
2042,1000,1.6520039709706,0.822112807238463,4.15549543891043,0.422765241774308,6.80367039471255
2043,1000,1.66797606686041,0.856948203285796,4.0475602181036,0.503366572825638,6.83396941970079
2044,1000,1.64726543182259,0.84189389977608,4.16377776939497,0.554648299337317,6.83396941970079
2045,1000,1.62465396863633,0.846625513269677,4.21707484492092,0.564127046567194,6.83396941970079
2046,1000,1.64995567583978,0.820458871662034,4.08380939302848,0.541963389443891,6.83396941970079
2047,1000,1.63846826404098,0.786278382597852,4.04283750327865,0.450927490855632,6.83396941970079
2048,1000,1.62292507455069,0.803492014757177,4.30883524878258,0.493823276318561,6.83396941970079
2049,1000,1.62891417383624,0.809314279844308,4.28598990287249,0.481662386409183,6.83396941970079
2050,1000,1.597447260698,0.792355279324957,4.29425511701883,0.505673095407692,6.83396941970079
2051,1000,1.61508776295903,0.807118459244446,4.2510103437635,0.462550718101435,6.83396941970079
2052,1000,1.61148771819894,0.806708229065507,4.10910476445311,0.390245121458327,6.83396941970079
2053,1000,1.63203040220298,0.788429884088666,3.99815282663688,0.47972356288331,6.83396941970079
2054,1000,1.64041515662662,0.815470252130357,4.14575725337827,0.411345232782154,6.83396941970079
