"scenario_number","Fcap","Besc","Max P(SSB < Blim) (%)","Years P(SSB < Blim) > 5%","P(ever SSB < Blim) (%)","Max P(SSB < Bpa) (%)","Years P(SSB < Bpa) > 5%","P(ever SSB < Bpa) (%)","Mean P(closed) (%)","P(at least one closure) (%)","Mean years closed","Median years closed","Mean catch (t)","Median catch (t)","Mean catch in open years (t)","Median catch in open years (t)","Trajectories with open years","Trajectories with open years (%)","Median SSB in open years (t)","Trajectories contributing to open-year SSB","Trajectories contributing to open-year SSB (%)","Median IAV"
1,1,5000,"0.0",0,"0.0","0.1",0,"0.7","13.5","83.6","4.04","3","4866","4812","5663","5509",999,"99.9","13797",999,"99.9","0.542"
2,1,6561,"0.0",0,"0.0","0.1",0,"0.3","38.7","99.5","11.61","11","3835","3742","6609","6200",993,"99.3","15353",993,"99.3","1.133"
3,1,8000,"0.0",0,"0.0","0.4",0,"1.9","62.7","100.0","18.80","19","2826","2791","8447","7723",972,"97.2","17001",972,"97.2","1.124"
4,1,10000,"0.1",0,"0.1","0.2",0,"1.0","84.6","100.0","25.37","26","1581","1466","11638","10860",849,"84.9","19300",849,"84.9","0.483"
5,1.25,5000,"0.0",0,"0.0","0.3",0,"1.2","16.6","89.2","4.99","4","5367","5303","6498","6313",999,"99.9","13555",999,"99.9","0.694"
6,1.25,6561,"0.1",0,"0.2","0.3",0,"2.5","42.5","99.9","12.74","12","4225","4146","7765","7274",993,"99.3","15178",993,"99.3","1.247"
7,1.25,8000,"0.1",0,"0.2","0.4",0,"5.2","64.5","100.0","19.35","19","3167","3141","9924","9102",972,"97.2","16779",972,"97.2","1.172"
8,1.25,10000,"0.1",0,"0.2","0.4",0,"2.5","85.1","100.0","25.54","26","1796","1673","13613","12681",849,"84.9","19035",849,"84.9","0.422"
9,1.5,5000,"0.1",0,"0.2","0.3",0,"2.4","19.6","94.3","5.88","5","5748","5673","7226","6997",999,"99.9","13334",999,"99.9","0.841"
10,1.5,6561,"0.2",0,"0.4","0.7",0,"5.5","45.2","100.0","13.57","13","4550","4487","8787","8299",993,"99.3","15016",993,"99.3","1.355"
11,1.5,8000,"0.2",0,"0.7","0.8",0,"11.2","66.0","100.0","19.79","20","3450","3494","11218","10354",972,"97.2","16559",972,"97.2","1.187"
12,1.5,10000,"0.1",0,"0.6","0.8",0,"9.5","85.5","100.0","25.65","26","1957","1832","15089","14203",849,"84.9","18819",849,"84.9","0.418"
13,1.75,5000,"0.1",0,"0.3","0.4",0,"4.2","22.5","96.8","6.75","6","6040","5938","7888","7665",999,"99.9","13201",999,"99.9","0.962"
14,1.75,6561,"0.2",0,"1.5","1.0",0,"9.9","47.5","100.0","14.26","14","4835","4778","9737","9097",993,"99.3","14873",993,"99.3","1.416"
15,1.75,8000,"0.4",0,"3.9","1.8",0,"20.8","67.0","100.0","20.11","20","3689","3721","12347","11463",972,"97.2","16396",972,"97.2","1.191"
16,1.75,10000,"0.4",0,"3.2","1.3",0,"18.5","85.8","100.0","25.75","27","2100","1942","16424","15236",849,"84.9","18675",849,"84.9","0.414"
17,2,5000,"0.1",0,"0.5","0.5",0,"6.3","25.2","98.6","7.56","7","6281","6174","8507","8284",999,"99.9","13042",999,"99.9","1.089"
18,2,6561,"0.4",0,"3.3","1.1",0,"14.1","49.3","100.0","14.79","14","5071","5042","10553","9914",993,"99.3","14751",993,"99.3","1.460"
19,2,8000,"0.8",0,"8.5","2.5",0,"28.9","67.9","100.0","20.37","20","3890","3963","13341","12286",972,"97.2","16280",972,"97.2","1.174"
20,2,10000,"0.7",0,"8.9","1.9",0,"27.1","86.0","100.0","25.80","27","2215","2050","17496","16418",849,"84.9","18539",849,"84.9","0.414"
