"scenario_number","scenario_id","Fcap","Besc","Blim","Bpa","horizon","first_year","last_year","max_P_Blim","n_years_P_Blim_gt_5","P_ever_Blim","max_P_Bpa","n_years_P_Bpa_gt_5","P_ever_Bpa","min_SSB","mean_P_closed","max_P_closed","P_ever_closed","mean_years_closed","median_years_closed","mean_catch","median_catch","p95_catch","n_trajectories_open","P_trajectories_open","mean_catch_open","median_mean_catch_open","p05_mean_catch_open","p95_mean_catch_open","n_trajectories_SSB_open","P_trajectories_SSB_open","median_mean_SSB_open","p05_mean_SSB_open","p95_mean_SSB_open","mean_IAV","median_IAV","p05_IAV","p95_IAV"
1,"Fcap_1.00_Besc_5000_sigmaR_0.216_SE_reference_AE_historical",1,5000,4721,6561,"Short",2025,2034,0,0,0,0.001,0,0.003,6137.01340529812,0.1338,0.161,0.627,1.338,1,4907.61382582182,4906.88891316716,6920.71762708606,998,0.998,5719.732356766,5551.36733577987,4340.12552550792,7341.36257879133,998,0.998,13849.3573702442,11729.742951999,17072.8612851581,0.640675828888457,0.565006780775112,0.128288031285164,1.48606111798175
2,"Fcap_1.00_Besc_6561_sigmaR_0.216_SE_reference_AE_historical",1,6561,4721,6561,"Short",2025,2034,0,0,0,0.001,0,0.001,5409.15142381836,0.3946,0.468,0.954,3.946,4,3809.212437319,3722.13773076238,6361.18917107467,981,0.981,6646.15270429926,6227.25761008633,4595.23893316686,10476.1078148227,981,0.981,15312.7310973862,13151.5362226196,18458.6537053938,1.09610704920548,1.14313409821186,0.226659799127568,1.77777777777778
3,"Fcap_1.00_Besc_8000_sigmaR_0.216_SE_reference_AE_historical",1,8000,4721,6561,"Short",2025,2034,0,0,0,0.004,0,0.006,5402.86203313299,0.6389,0.824,0.998,6.389,6,2721.13223625583,2675.82015038626,5314.05761492639,920,0.92,8449.77348909498,7476.10235062557,4874.91629773828,15550.7809294618,920,0.92,16855.4640119285,14294.510005916,20348.2010249172,1.03627562779428,1.11111111111111,0,1.77777777777778
4,"Fcap_1.00_Besc_10000_sigmaR_0.216_SE_reference_AE_historical",1,10000,4721,6561,"Short",2025,2034,0,0,0,0.002,0,0.004,5540.42637225654,0.853,0.981,1,8.53,9,1456.2140065096,1405.28877575793,3996.54702579921,652,0.652,11106.9104203584,10528.5803410959,4640.19763230876,19166.5745585603,652,0.652,18994.4665099554,16021.339119017,22923.3215565762,0.534330232398752,0.444444444444444,0,1.47116473353493
5,"Fcap_1.25_Besc_5000_sigmaR_0.216_SE_reference_AE_historical",1.25,5000,4721,6561,"Short",2025,2034,0,0,0,0.002,0,0.005,5782.62889044181,0.1623,0.183,0.707,1.623,1,5434.13572929004,5387.17967766099,7734.73414171615,998,0.998,6568.01102570261,6367.1834450376,4962.77125277639,8559.80246975744,998,0.998,13563.7715160589,11517.5041899997,16745.2250688027,0.753315966467865,0.648871214894723,0.144427422423625,1.5854578053247
6,"Fcap_1.25_Besc_6561_sigmaR_0.216_SE_reference_AE_historical",1.25,6561,4721,6561,"Short",2025,2034,0.001,0,0.001,0.003,0,0.007,4474.92819232552,0.4264,0.468,0.976,4.264,4,4199.35966309839,4116.18079105193,6992.32376974683,981,0.981,7737.48451360735,7212.91230671302,5264.90749144496,11929.9950934078,981,0.981,15120.5298523376,12962.2475140593,18230.0742809656,1.20615198212667,1.33085341833048,0.432086866894543,1.79743049973806
7,"Fcap_1.25_Besc_8000_sigmaR_0.216_SE_reference_AE_historical",1.25,8000,4721,6561,"Short",2025,2034,0.001,0,0.001,0.004,0,0.01,4467.31529484765,0.6513,0.824,1,6.513,7,3032.43116629447,3002.32871867108,5771.67951800774,920,0.92,9746.22208914832,8679.62595053106,5519.06060115866,17905.3945306428,920,0.92,16631.966434711,14140.1310936811,20180.9274742459,1.07178806768617,1.11641363665496,0,1.78240365986825
8,"Fcap_1.25_Besc_10000_sigmaR_0.216_SE_reference_AE_historical",1.25,10000,4721,6561,"Short",2025,2034,0,0,0,0.003,0,0.009,4936.59350821838,0.8574,0.981,1,8.574,9,1639.46969900974,1584.34792588174,4517.40362298375,652,0.652,12751.108108339,11998.9325149727,4767.83112163465,21892.8925049028,652,0.652,18783.8498918438,15896.5283399335,22903.1026541754,0.533840684534494,0.444444444444444,0,1.47268322414253
9,"Fcap_1.50_Besc_5000_sigmaR_0.216_SE_reference_AE_historical",1.5,5000,4721,6561,"Short",2025,2034,0.001,0,0.001,0.003,0,0.01,4708.29602930909,0.1911,0.219,0.791,1.911,2,5831.39930512893,5751.06835482952,8388.77911401905,998,0.998,7312.72268666522,7098.76675181922,5504.99165130665,9424.22577476879,998,0.998,13350.6370244077,11382.4608115862,16432.6161916697,0.871747997237697,0.888888888888889,0.160146050367684,1.70526619362553
10,"Fcap_1.50_Besc_6561_sigmaR_0.216_SE_reference_AE_historical",1.5,6561,4721,6561,"Short",2025,2034,0.001,0,0.001,0.004,0,0.015,3777.86731439135,0.4502,0.477,0.983,4.502,4,4522.66749339783,4447.76585668871,7388.34561091958,981,0.981,8714.84365227744,8177.02923059282,5859.73651482033,13346.1905745095,981,0.981,14965.4161591276,12824.3732564346,18201.7167105803,1.28386304991701,1.35441771698348,0.444444444444444,1.87115650119467
11,"Fcap_1.50_Besc_8000_sigmaR_0.216_SE_reference_AE_historical",1.5,8000,4721,6561,"Short",2025,2034,0.001,0,0.001,0.006,0,0.026,3774.96599799186,0.6628,0.824,1,6.628,7,3280.44913632,3283.08997834091,6198.84564850876,920,0.92,10873.8819170444,9652.25624436406,5927.122212443,20113.3360287317,920,0.92,16448.824976508,13979.2090411474,19817.622139373,1.09575925647534,1.17251068175053,0,1.79911690526435
12,"Fcap_1.50_Besc_10000_sigmaR_0.216_SE_reference_AE_historical",1.5,10000,4721,6561,"Short",2025,2034,0.001,0,0.001,0.008,0,0.029,4504.16255312728,0.8602,0.981,1,8.602,9,1776.49919211822,1699.34157499519,4976.82088055169,652,0.652,14032.9527385496,13229.7767894449,4796.42102237109,24573.452283359,652,0.652,18608.3039126735,15694.8714024552,22799.8861667676,0.534795807111296,0.444444444444444,0,1.49972621450606
13,"Fcap_1.75_Besc_5000_sigmaR_0.216_SE_reference_AE_historical",1.75,5000,4721,6561,"Short",2025,2034,0.001,0,0.001,0.004,0,0.013,4024.87908981502,0.2181,0.259,0.838,2.181,2,6130.64197818751,6043.87101365517,8887.94989955779,998,0.998,7961.06356307299,7715.8483416945,6049.50701315266,10271.854412621,998,0.998,13200.3616557586,11308.255844834,16212.8044483695,0.979865445784514,0.988901519954368,0.18273134820174,1.78032499834145
14,"Fcap_1.75_Besc_6561_sigmaR_0.216_SE_reference_AE_historical",1.75,6561,4721,6561,"Short",2025,2034,0.002,0,0.003,0.006,0,0.024,3289.93537094254,0.4695,0.506,0.991,4.695,5,4785.70482557861,4741.34588389972,7817.96410197509,981,0.981,9545.25082887661,8978.5592854698,6421.9662112692,14611.5864695331,981,0.981,14857.936327309,12694.1501998126,18017.1855417008,1.34821107648726,1.39606364772655,0.444444444444444,1.9654002781163
15,"Fcap_1.75_Besc_8000_sigmaR_0.216_SE_reference_AE_historical",1.75,8000,4721,6561,"Short",2025,2034,0.002,0,0.004,0.011,0,0.05,3282.80995775703,0.672,0.824,1,6.72,7,3491.91401466974,3513.29139376778,6552.86633519591,920,0.92,11881.688208223,10553.6202650215,6325.42923682235,22431.1284425779,920,0.92,16325.320229092,13863.1118550918,19637.8460803153,1.10422637936944,1.20441389298963,0,1.80879042165014
16,"Fcap_1.75_Besc_10000_sigmaR_0.216_SE_reference_AE_historical",1.75,10000,4721,6561,"Short",2025,2034,0.003,0,0.007,0.013,0,0.051,3480.4055765256,0.8623,0.981,1,8.623,9,1896.46035569848,1719.04281405656,5376.80371716845,652,0.652,15179.1009575994,14248.8315349756,4931.22870346506,27134.6962978009,652,0.652,18540.4613756895,15637.3312615476,22558.5885582393,0.533687300903122,0.444444444444444,0,1.55555555555556
17,"Fcap_2.00_Besc_5000_sigmaR_0.216_SE_reference_AE_historical",2,5000,4721,6561,"Short",2025,2034,0.001,0,0.001,0.005,0,0.016,3472.14744702561,0.2419,0.309,0.883,2.419,2,6382.45292605858,6279.34747867674,9168.23092963943,998,0.998,8550.92810856278,8306.97176278286,6467.62647541144,11025.5111044182,998,0.998,13068.416597801,11199.1397603897,16049.7345373555,1.07203521788391,1.07478256623448,0.223463023430701,1.79007707142113
18,"Fcap_2.00_Besc_6561_sigmaR_0.216_SE_reference_AE_historical",2,6561,4721,6561,"Short",2025,2034,0.003,0,0.008,0.01,0,0.039,2615.35242591551,0.4854,0.51,0.998,4.854,5,5005.17150650769,4947.66776273815,8093.97699929786,981,0.981,10288.1745274921,9695.52724328652,6776.26464118216,15836.1019097541,981,0.981,14752.558952101,12575.8880519643,17795.2166246337,1.39297739380057,1.47054390766111,0.444444444444444,2
19,"Fcap_2.00_Besc_8000_sigmaR_0.216_SE_reference_AE_historical",2,8000,4721,6561,"Short",2025,2034,0.004,0,0.016,0.016,0,0.074,2606.94037216206,0.6788,0.824,1,6.788,7,3675.64117091302,3730.96252121972,6801.11451752037,920,0.92,12779.5188066064,11351.5118481785,6750.18627393531,24120.6374652287,920,0.92,16212.4572299032,13734.4984368027,19439.0179928115,1.10894462008142,1.21640711146934,0,1.843555326185
20,"Fcap_2.00_Besc_10000_sigmaR_0.216_SE_reference_AE_historical",2,10000,4721,6561,"Short",2025,2034,0.006,0,0.025,0.014,0,0.069,2671.04356375439,0.8638,0.981,1,8.638,9,1997.60688984051,1743.01155403155,5709.63976521815,652,0.652,16158.6470257292,14952.6930791634,5029.48137684835,29431.4988692919,652,0.652,18440.9429172381,15496.5793720681,22349.9333373878,0.533667053418846,0.444444444444444,0,1.55555555555556
