"scenario_number","Fcap","Besc","Years fishery closed","SSB (t), all years","SSB (t), open years","Catch (t), all years","Catch (t), open years","Max P(SSB < Blim) (%)","Years P(SSB < Blim) > 5%","Max P(SSB < Bpa) (%)","Years P(SSB < Bpa) > 5%","P(at least one closure) (%)","IAV"
1,1,5000,"0 (0-0)","13033 (11125-15899)","13033 (11125-15899)","5260 (4291-6962)","5260 (4291-6962)","0.0",0,"0.3",0,"0.2","0.187 (0.144-0.242)"
2,1,6561,"0 (0-1)","13035 (11155-15899)","13037 (11170-15899)","5253 (4286-6962)","5264 (4313-6962)","0.0",0,"0.1",0,"5.5","0.189 (0.144-0.286)"
3,1,8000,"0 (0-2)","13059 (11292-15921)","13121 (11405-15921)","5194 (4169-6954)","5297 (4344-6972)","0.0",0,"0.1",0,"41.2","0.240 (0.153-0.529)"
4,1,10000,"3 (0-8)","13323 (11750-15965)","13689 (12361-16137)","4856 (3635-6788)","5493 (4542-7025)","0.0",0,"0.1",0,"90.9","0.600 (0.201-1.158)"
5,1.25,5000,"0 (0-0)","12502 (10666-15253)","12502 (10666-15253)","5900 (4872-7817)","5904 (4874-7817)","0.0",0,"0.6",0,"0.6","0.194 (0.148-0.251)"
6,1.25,6561,"0 (0-1)","12507 (10700-15254)","12508 (10716-15254)","5889 (4839-7817)","5932 (4880-7817)","0.0",0,"0.4",0,"11.9","0.200 (0.149-0.335)"
7,1.25,8000,"1 (0-4)","12572 (10917-15274)","12676 (11117-15274)","5800 (4646-7769)","6002 (4965-7842)","0.0",0,"0.2",0,"56.8","0.303 (0.163-0.689)"
8,1.25,10000,"4 (1-9)","12982 (11505-15448)","13477 (12203-15649)","5317 (3977-7540)","6304 (5207-7928)","0.0",0,"0.2",0,"95.6","0.776 (0.295-1.309)"
9,1.5,5000,"0 (0-0)","12064 (10266-14688)","12064 (10266-14688)","6441 (5322-8515)","6449 (5332-8515)","0.1",0,"0.8",0,"0.8","0.200 (0.153-0.261)"
10,1.5,6561,"0 (0-1)","12081 (10329-14688)","12105 (10346-14688)","6419 (5277-8503)","6466 (5330-8503)","0.0",0,"0.5",0,"22.3","0.219 (0.156-0.402)"
11,1.5,8000,"1 (0-5)","12208 (10641-14712)","12353 (10961-14794)","6254 (5007-8420)","6608 (5512-8568)","0.1",0,"0.4",0,"70.0","0.381 (0.174-0.829)"
12,1.5,10000,"5 (1-10)","12714 (11316-14998)","13274 (12031-15271)","5638 (4211-8108)","6981 (5841-8810)","0.0",0,"0.4",0,"97.8","0.899 (0.402-1.436)"
13,1.75,5000,"0 (0-0)","11675 (9891-14213)","11675 (9891-14213)","6876 (5701-9049)","6880 (5706-9049)","0.1",0,"1.2",0,"2.2","0.206 (0.157-0.277)"
14,1.75,6561,"0 (0-2)","11721 (10004-14219)","11741 (10098-14219)","6825 (5609-9041)","6927 (5763-9042)","0.0",0,"0.5",0,"33.0","0.244 (0.162-0.468)"
15,1.75,8000,"2 (0-5)","11908 (10427-14316)","12094 (10796-14447)","6617 (5229-8951)","7127 (5937-9148)","0.1",0,"0.4",0,"81.6","0.454 (0.189-0.953)"
16,1.75,10000,"6 (2-11)","12498 (11171-14650)","13152 (11954-15021)","5905 (4437-8466)","7632 (6275-9472)","0.0",0,"0.4",0,"99.3","1.027 (0.486-1.558)"
