"scenario_number","Fcap","Besc","years_closed_median","years_closed_p05","years_closed_p95","SSB_median","SSB_p05","SSB_p95","SSB_open_median","SSB_open_p05","SSB_open_p95","catch_median","catch_p05","catch_p95","catch_open_median","catch_open_p05","catch_open_p95","IAV_median","IAV_p05","IAV_p95","P_ever_closed","max_P_Blim","years_P_Blim_gt05","max_P_Bpa","years_P_Bpa_gt05","max_P_closed"
1,1,5000,0,0,0,13032.5711417781,11124.6234278264,15898.7745417727,13032.5711417781,11124.6234278264,15898.7745417727,5260.48446918451,4291.26483712691,6961.83798185139,5260.48446918451,4291.26483712691,6961.83798185139,0.187045329252702,0.143747833354115,0.24171748390658,0.002,0,0,0.003,0,0.001
2,1,6561,0,0,1,13035.3871821515,11155.2600753792,15898.9166418587,13036.592862232,11169.5250660436,15898.9166418587,5252.57172550949,4286.39738108734,6961.81068233834,5263.92010681186,4312.98569943977,6961.81068233834,0.189315747028075,0.143624421627305,0.286215084022739,0.055,0,0,0.001,0,0.004
3,1,8000,0,0,2,13058.7458535009,11292.2159719698,15921.1280097314,13120.5081436343,11405.4258812547,15921.1280097314,5194.40508590107,4168.55419063421,6954.44007696506,5297.49848574612,4343.65997495489,6971.68767767762,0.23969682310876,0.1531785088349,0.529405267818176,0.412,0,0,0.001,0,0.03
4,1,10000,3,0,8,13323.4941937451,11749.6026675043,15965.1471891674,13689.1868854822,12360.7212746281,16137.3921887327,4855.70687975685,3635.05665159988,6787.7972924804,5493.22759808335,4541.97233620645,7024.79450778412,0.600393160906541,0.200571231722684,1.15823713789519,0.909,0,0,0.001,0,0.139
5,1.25,5000,0,0,0,12502.2283880027,10666.450177018,15252.9611964597,12502.2283880027,10666.450177018,15252.9611964597,5899.66942266562,4871.66760598682,7816.67759729748,5903.81654266447,4873.95094753531,7816.67759729748,0.193745982061949,0.148273225266725,0.25143859569944,0.006,0,0,0.006,0,0.001
6,1.25,6561,0,0,1,12507.0413031394,10699.8867041845,15254.2326101493,12507.5495968196,10715.9498902243,15254.2326101493,5888.94071365644,4839.28806438703,7817.16380108948,5931.54355644608,4880.20597390285,7817.16380108948,0.199837919352906,0.149270997621962,0.335424674684049,0.119,0,0,0.004,0,0.008
7,1.25,8000,1,0,4,12572.4310787154,10917.4946677073,15274.02995278,12676.4622133082,11116.9733764023,15274.02995278,5800.36204493057,4646.22925756652,7768.70336849199,6001.94898049587,4964.55593979881,7841.67070577129,0.302894680326067,0.162914690207667,0.688677490686288,0.568,0,0,0.002,0,0.05
8,1.25,10000,4,1,9,12982.0165309949,11504.6046172909,15447.9675848386,13476.7468947741,12202.891811222,15648.9741961963,5317.08875947775,3976.916680672,7540.17629116697,6303.80341118246,5206.76064840646,7927.99488646742,0.775836132407094,0.294748204676056,1.30909214188885,0.956,0,0,0.002,0,0.181
9,1.5,5000,0,0,0,12064.1077518381,10265.5861078804,14687.6999644463,12064.1077518381,10265.5861078804,14687.6999644463,6440.69606233058,5321.84783749004,8515.3353275542,6448.91567515998,5332.44151496098,8515.3353275542,0.199919149870592,0.152573722760764,0.260633980152465,0.008,0.001,0,0.008,0,0.001
10,1.5,6561,0,0,1,12080.5815906617,10328.62232991,14687.5836960823,12105.1872524211,10346.1126966497,14687.5836960823,6419.48266530159,5277.42221609272,8502.75394574274,6465.87302991028,5330.14740831472,8502.75394574274,0.218523995354377,0.156305758418423,0.402367273918135,0.223,0,0,0.005,0,0.014
11,1.5,8000,1,0,5,12207.5586586533,10640.9405361019,14712.0998404294,12352.9611314653,10960.5926515342,14793.6395561288,6253.660557549,5006.62185430187,8420.4292068698,6608.49554159207,5511.60927795122,8568.03537578289,0.381296663430636,0.174183833792993,0.828712546500489,0.7,0.001,0,0.004,0,0.072
12,1.5,10000,5,1,10,12713.5474366202,11316.3654988206,14998.2637949765,13273.5627868465,12031.335314339,15270.9904165991,5637.93619809975,4210.55745422366,8108.1212335428,6981.1285592109,5841.10368364203,8810.18665479166,0.898765899766228,0.401526541256595,1.43608762092272,0.978,0,0,0.004,0,0.236
13,1.75,5000,0,0,0,11675.1488272887,9891.26522388238,14213.2378443225,11675.1488272887,9891.39434818364,14213.2378443225,6876.49924669081,5700.95684069733,9048.93526890925,6880.3654178842,5705.85205851394,9048.93526890925,0.205824333449425,0.156965959770116,0.277131352472272,0.022,0.001,0,0.012,0,0.003
14,1.75,6561,0,0,2,11720.7857801465,10004.2741154699,14218.545697335,11741.0857688831,10097.7785208869,14218.545697335,6824.7562202103,5609.41872421548,9041.12481510416,6927.43807267584,5762.94319073162,9041.81624064729,0.243620880515495,0.162302239815068,0.467848009761238,0.33,0,0,0.005,0,0.023
15,1.75,8000,2,0,5.04999999999995,11907.548745483,10427.4274672107,14316.2694741881,12093.547883508,10795.8748641967,14446.5148782735,6616.50535873291,5229.22343693179,8950.54216389444,7126.72552555402,5937.36629827727,9147.53135666247,0.453583310629978,0.18862625417585,0.953065122219213,0.816,0.001,0,0.004,0,0.091
16,1.75,10000,6,2,11.05,12498.161520443,11170.7107733483,14650.4327556897,13152.4165295947,11954.3343015324,15020.532437903,5905.49492148541,4437.13981034142,8465.98437570365,7631.77613659835,6274.50770701575,9471.66902705649,1.02668462106598,0.486486192868261,1.55758911913232,0.993,0,0,0.004,0,0.287
