"Package","Version"
"abind","1.4-8"
"adehabitatMA","0.3.17"
"ADGofTest","0.3"
"adnuts","1.1.2"
"arrayhelpers","1.1-0"
"AsioHeaders","1.30.2-1"
"askpass","1.2.1"
"assertthat","0.2.1"
"backports","1.5.0"
"base","4.3.3"
"base64enc","0.1-6"
"bayesplot","1.15.0"
"bbmle","1.0.25.1"
"bdsmatrix","1.3-7"
"BH","1.90.0-1"
"bigD","0.3.1"
"BiocManager","1.30.27"
"bit","4.6.0"
"bit64","4.6.0-1"
"bitops","1.0-9"
"blob","1.3.0"
"bookdown","0.46"
"boot","1.3-30"
"bootstrap","2019.6"
"brew","1.0-10"
"brio","1.1.5"
"broom","1.0.12"
"broom.mixed","0.2.9.7"
"bslib","0.10.0"
"cachem","1.1.0"
"callr","3.7.6"
"car","3.1-5"
"carData","3.0-6"
"caTools","1.18.3"
"cellranger","1.1.0"
"changepoint","2.3"
"checkmate","2.3.4"
"chromote","0.5.1"
"chron","2.3-62"
"class","7.3-22"
"classInt","0.4-11"
"cli","3.6.6"
"clipr","0.8.0"
"cluster","2.1.6"
"coda","0.19-4.1"
"codetools","0.2-19"
"colorspace","2.1-2"
"colourpicker","1.3.0"
"commonmark","2.0.0"
"compiler","4.3.3"
"conflicted","1.2.0"
"copula","1.1-7"
"corpcor","1.6.10"
"corrplot","0.95"
"covr","3.6.5"
"cowplot","1.2.0"
"cpp11","0.5.3"
"crayon","1.5.3"
"credentials","2.0.3"
"crosstalk","1.2.2"
"crul","1.6.0"
"curl","7.0.0"
"data.table","1.18.2.1"
"datasets","4.3.3"
"DBI","1.3.0"
"dbplyr","2.5.2"
"deldir","2.0-4"
"Deriv","4.2.0"
"desc","1.4.3"
"deSolve","1.42"
"devtools","2.5.0"
"dfidx","0.2-0"
"dichromat","2.0-0.1"
"diffobj","0.3.6"
"digest","0.6.39"
"distributional","0.7.0"
"doBy","4.7.1"
"doFuture","1.2.1"
"doParallel","1.0.17"
"downlit","0.4.5"
"dplyr","1.2.0"
"DT","0.34.0"
"dtplyr","1.3.3"
"duckdb","1.5.2"
"duckdbfs","0.1.2"
"dygraphs","1.1.1.6"
"e1071","1.7-17"
"ellipse","0.5.0"
"ellipsis","0.3.3"
"emdbook","1.3.14"
"EnvStats","3.1.0"
"evaluate","1.0.5"
"expm","1.0-0"
"fansi","1.0.7"
"farver","2.1.2"
"fastGHQuad","1.0.1"
"fastmap","1.2.0"
"fishmethods","1.13-1"
"FLa4a","1.9.5"
"FLash","2.5.11"
"FLasher","0.7.3"
"FLAssess","2.6.3.9001"
"FLBEIA","1.16.2.4"
"FLBEIAshiny","2.0.4"
"FLBRP","2.5.9.9051"
"FLCore","2.6.30"
"flexsurv","2.3.2"
"flextable","0.9.11"
"FLFishery","0.4.0"
"FLFleet","2.6.1"
"FLRef","1.11.12"
"FLSRTMB","1.1.7"
"FLXSA","2.6.6.9001"
"fmsb","0.7.6"
"foghorn","1.6.1"
"fontawesome","0.5.3"
"fontBitstreamVera","0.1.1"
"fontLiberation","0.1.0"
"fontquiver","0.2.1"
"forcats","1.0.1"
"foreach","1.5.2"
"forecast","9.0.1"
"foreign","0.8-86"
"Formula","1.2-5"
"fracdiff","1.5-3"
"fresh","0.2.2"
"fs","1.6.7"
"fst","0.9.8"
"fstcore","0.10.0"
"furrr","0.3.1"
"future","1.69.0"
"future.apply","1.20.2"
"gargle","1.6.1"
"gdistance","1.6.5"
"gdtools","0.5.0"
"generics","0.1.4"
"geosphere","1.6-5"
"gert","2.3.1"
"gfonts","0.2.0"
"GGally","2.4.0"
"ggfortify","0.4.19"
"ggmosaic","0.4.0"
"ggnewscale","0.5.2"
"ggokabeito","0.1.0"
"ggplot2","4.0.2"
"ggplotFL","2.7.2"
"ggpubr","0.6.3"
"ggrepel","0.9.6"
"ggridges","0.5.7"
"ggsci","4.2.0"
"ggsignif","0.6.4"
"ggstats","0.13.0"
"gh","1.5.0"
"gitcreds","0.1.2"
"globals","0.19.0"
"glue","1.8.0"
"gmm","1.9-1"
"googledrive","2.1.2"
"googlesheets4","1.1.2"
"googleVis","0.7.3"
"GPArotation","2025.3-1"
"gplots","3.3.0"
"graphics","4.3.3"
"gratia","0.11.2"
"grDevices","4.3.3"
"grid","4.3.3"
"gridExtra","2.3"
"gsl","2.1-8"
"gt","1.3.0"
"gtable","0.3.6"
"gtExtras","0.6.2"
"gtools","3.9.5"
"HandyCode","0.1.0"
"haven","2.5.5"
"here","1.0.2"
"highr","0.12"
"Hmisc","5.2-5"
"hms","1.1.4"
"htmlTable","2.4.3"
"htmltools","0.5.9"
"htmlwidgets","1.6.4"
"httpcode","0.3.0"
"httpuv","1.6.17"
"httr","1.4.8"
"httr2","1.2.2"
"hunspell","3.0.6"
"icesAdvice","2.1.1"
"icesConnect","1.1.4"
"icesDatsu","1.2.1"
"icesSAG","1.6.2"
"icesTAF","4.3.0"
"icesVocab","1.3.2"
"ids","1.0.1"
"igraph","2.2.2"
"ini","0.3.1"
"inline","0.3.21"
"interp","1.1-6"
"isoband","0.3.0"
"iterators","1.0.14"
"janitor","2.2.1"
"jose","1.2.1"
"jpeg","0.1-11"
"jquerylib","0.1.4"
"jsonlite","2.0.0"
"juicyjuice","0.1.0"
"kableExtra","1.4.0"
"katex","1.5.0"
"KernSmooth","2.23-22"
"knitr","1.51"
"kobe","2.2.0"
"labeling","0.4.3"
"labelled","2.16.0"
"later","1.4.7"
"lattice","0.22-5"
"latticeExtra","0.6-31"
"lazyeval","0.2.3"
"lifecycle","1.0.5"
"lintr","3.3.0-1"
"listenv","0.10.0"
"litedown","0.9"
"lme4","2.0-1"
"lmtest","0.9-40"
"locatexec","0.1.1"
"loo","2.9.0"
"lsoda","1.2"
"lubridate","1.9.5"
"magick","2.9.1"
"magrittr","2.0.4"
"mapproj","1.2.12"
"maps","3.4.3"
"markdown","2.0"
"marmap","1.0.12"
"MASS","7.3-60.0.1"
"Matrix","1.6-5"
"matrixcalc","1.0-6"
"MatrixModels","0.5-4"
"matrixStats","1.5.0"
"memoise","2.0.1"
"methods","4.3.3"
"mgcv","1.9-1"
"microbenchmark","1.5.0"
"mime","0.13"
"miniUI","0.1.2"
"minqa","1.2.8"
"mirai","2.6.1"
"mlogit","1.1-3"
"mnormt","2.1.2"
"modelr","0.1.11"
"mse","2.4.8"
"msemodules","0.1.4"
"MSEtool","3.7.5"
"mseviz","0.2.8"
"msm","1.8.2"
"mstate","0.3.3"
"muhaz","1.2.6.4"
"mvnfast","0.2.8"
"mvtnorm","1.3-6"
"nanonext","1.8.1"
"ncdf4","1.24"
"nFactors","2.4.1.2"
"nlme","3.1-164"
"nloptr","2.2.1"
"nnet","7.3-19"
"nortest","1.0-4"
"numDeriv","2016.8-1.1"
"nwfscDiag","1.2"
"nwfscSurvey","2.8.0"
"officedown","0.4.1"
"officer","0.7.3"
"openssl","2.3.5"
"openxlsx","4.2.8.1"
"otel","0.2.0"
"packrat","0.9.3"
"pak","0.9.4"
"paletteer","1.7.0"
"pals","1.10"
"parallel","4.3.3"
"parallelly","1.46.1"
"patchwork","1.3.2"
"pbapply","1.7-4"
"pbkrtest","0.5.5"
"pcaPP","2.0-5"
"pdftools","3.9.1"
"pillar","1.11.1"
"pkgbuild","1.4.8"
"pkgconfig","2.0.3"
"pkgdown","2.2.0"
"pkgload","1.5.1"
"PKI","0.1-15"
"plotly","4.12.0"
"plotrix","3.8-14"
"plyr","1.8.9"
"png","0.1-8"
"polynom","1.4-1"
"posterior","1.7.0"
"praise","1.0.0"
"prettyunits","1.2.0"
"prismatic","1.1.2"
"processx","3.8.6"
"productplots","0.1.2"
"profvis","0.4.0"
"progress","1.2.3"
"progressr","0.19.0"
"promises","1.5.0"
"proxy","0.4-29"
"ps","1.9.1"
"pspline","1.0-21"
"psych","2.6.3"
"purrr","1.2.1"
"qcc","2.7"
"qpdf","1.4.1"
"quadprog","1.5-8"
"quantreg","6.1"
"quarto","1.5.1"
"QuickJSR","1.9.1"
"R.cache","0.17.0"
"R.methodsS3","1.8.2"
"R.oo","1.27.1"
"R.rsp","0.46.0"
"R.utils","2.13.0"
"R2admb","0.7.16.3"
"r4ss","1.52.1"
"R6","2.6.1"
"ragg","1.5.1"
"randtests","1.0.2"
"rappdirs","0.3.4"
"raster","3.6-32"
"rbibutils","2.4.1"
"rcmdcheck","1.4.0"
"RColorBrewer","1.1-3"
"Rcpp","1.1.1"
"RcppArmadillo","15.2.3-1"
"RcppEigen","0.3.4.0.2"
"RcppParallel","5.1.11-2"
"RcppTOML","0.2.3"
"Rdpack","2.6.6"
"reactable","0.4.5"
"reactR","0.6.1"
"readr","2.2.0"
"readxl","1.4.5"
"reformulas","0.4.4"
"rematch","2.0.0"
"rematch2","2.1.2"
"remotes","2.5.0"
"renv","1.2.0"
"reprex","2.1.1"
"reshape","0.8.10"
"reshape2","1.4.5"
"rex","1.2.2"
"rfishbase","5.0.3"
"rgl","1.3.36"
"rlang","1.2.0"
"rlist","0.4.6.2"
"rmarkdown","2.30"
"rnaturalearth","1.2.0"
"rnaturalearthdata","1.0.0"
"roxygen2","7.3.3"
"rpart","4.1.23"
"rprojroot","2.1.1"
"rsconnect","1.7.0"
"RSQLite","2.4.6"
"rstan","2.32.7"
"rstanarm","2.32.2"
"rstantools","2.6.0"
"rstatix","0.7.3"
"rstpm2","1.7.1"
"rstudioapi","0.18.0"
"rvcheck","0.2.1"
"rversions","3.0.0"
"rvest","1.0.5"
"rvg","0.4.1"
"s2","1.1.9"
"S7","0.2.1"
"sandwich","3.1-1"
"sass","0.4.10"
"scales","1.4.0"
"schoolmath","0.4.2"
"selectr","0.5-1"
"sessioninfo","1.2.3"
"sf","1.1-0"
"shape","1.4.6.1"
"shiny","1.13.0"
"shinyAce","0.4.4"
"shinyBS","0.65.0"
"shinybusy","0.3.3"
"shinycssloaders","1.1.0"
"shinydashboard","0.7.3"
"shinydashboardPlus","2.0.6"
"shinydisconnect","0.1.1"
"shinyFiles","0.9.3"
"shinyjs","2.1.1"
"shinystan","2.7.0"
"shinythemes","1.2.0"
"shinyWidgets","0.9.1"
"snakecase","0.11.1"
"snow","0.4-4"
"snowfall","1.84-6.3"
"snowflakeauth","0.2.2"
"sourcetools","0.1.7-2"
"sp","2.2-1"
"SparseM","1.84-2"
"spatial","7.3-17"
"spelling","2.3.2"
"splines","4.3.3"
"ss3diags","2.2.2"
"ss3om","0.5.7"
"stabledist","0.7-2"
"StanHeaders","2.32.10"
"statmod","1.5.1"
"stats","4.3.3"
"stats4","4.3.3"
"stringdist","0.9.17"
"stringi","1.8.7"
"stringr","1.6.0"
"strucchange","1.5-4"
"survival","3.5-8"
"svglite","2.2.2"
"svUnit","1.0.8"
"sys","3.4.3"
"systemfonts","1.3.2"
"tables","0.9.33"
"TAF","4.3.1"
"tcltk","4.3.3"
"tensorA","0.36.2.1"
"terra","1.9-1"
"testthat","3.3.2"
"textshaping","1.0.5"
"threejs","0.3.4"
"tibble","3.3.1"
"tidyr","1.3.2"
"tidyselect","1.2.1"
"tidyverse","2.0.0"
"timechange","0.4.0"
"timeDate","4052.112"
"tinytest","1.4.3"
"tinytex","0.58"
"tippy","0.1.0"
"TMB","1.9.21"
"tmvtnorm","1.7"
"tools","4.3.3"
"triangle","1.0"
"triebeard","0.4.1"
"truncnorm","1.0-9"
"tweedie","3.0.17"
"tzdb","0.5.0"
"units","1.0-1"
"urca","1.3-4"
"urlchecker","1.0.1"
"urltools","1.7.3.1"
"usethis","3.2.1"
"utf8","1.2.6"
"utils","4.3.3"
"uuid","1.2-2"
"V8","8.0.1"
"vctrs","0.7.1"
"vdiffr","1.0.9"
"viridis","0.6.5"
"viridisLite","0.4.3"
"vroom","1.7.0"
"waiter","0.2.5.1"
"waldo","0.6.2"
"webshot2","0.1.2"
"websocket","1.4.4"
"wesanderson","0.3.7"
"whisker","0.4.1"
"withr","3.0.2"
"wk","0.9.5"
"xfun","0.56"
"XML","3.99-0.23"
"xml2","1.5.2"
"xmlparsedata","1.0.5"
"xopen","1.0.1"
"xtable","1.8-8"
"xts","0.14.2"
"yaml","2.3.12"
"yulab.utils","0.2.4"
"zip","2.3.3"
"zoo","1.8-15"
