season,prop,scenario
1,0.19969088517621056,historical
2,0.41467905003098304,historical
3,0.28342097656246107,historical
4,0.10220908823034532,historical
1,0.13854113670512178,recent10
2,0.41616780757478566,recent10
3,0.334788680337993,recent10
4,0.1105023753820995,recent10
1,0.12091632327612124,recent3
2,0.4507475420706443,recent3
3,0.35388843671112874,recent3
4,0.07444769794210568,recent3
1,0.2708163630765464,cluster_1
2,0.5340700523670394,cluster_1
3,0.16441826870079856,cluster_1
4,0.030695315855615725,cluster_1
1,0.2348915902710401,cluster_2
2,0.30944423404247623,cluster_2
3,0.2990031731889671,cluster_2
4,0.15666100249751655,cluster_2
1,0.09935216431529621,cluster_3
2,0.4379605000708608,cluster_3
3,0.3644106703829228,cluster_3
4,0.09827666523092018,cluster_3
