"iter","bootstrap"
1,"boot_003"
2,"boot_004"
3,"boot_007"
4,"boot_008"
5,"boot_009"
6,"boot_010"
7,"boot_011"
8,"boot_013"
9,"boot_014"
10,"boot_015"
11,"boot_016"
12,"boot_017"
13,"boot_022"
14,"boot_025"
15,"boot_026"
16,"boot_029"
17,"boot_030"
18,"boot_031"
19,"boot_033"
20,"boot_034"
21,"boot_035"
22,"boot_037"
23,"boot_040"
24,"boot_041"
25,"boot_042"
26,"boot_043"
27,"boot_044"
28,"boot_045"
29,"boot_046"
30,"boot_047"
31,"boot_048"
32,"boot_049"
33,"boot_052"
34,"boot_053"
35,"boot_056"
36,"boot_058"
37,"boot_060"
38,"boot_061"
39,"boot_066"
40,"boot_068"
41,"boot_069"
42,"boot_072"
43,"boot_073"
44,"boot_075"
45,"boot_076"
46,"boot_078"
47,"boot_079"
48,"boot_081"
49,"boot_082"
50,"boot_083"
51,"boot_084"
52,"boot_085"
53,"boot_087"
54,"boot_088"
55,"boot_089"
56,"boot_090"
57,"boot_091"
58,"boot_092"
59,"boot_093"
60,"boot_095"
61,"boot_097"
62,"boot_098"
63,"boot_099"
64,"boot_100"
65,"boot_101"
66,"boot_102"
67,"boot_103"
68,"boot_104"
69,"boot_105"
70,"boot_109"
71,"boot_110"
72,"boot_111"
73,"boot_112"
74,"boot_113"
75,"boot_115"
76,"boot_116"
77,"boot_117"
78,"boot_119"
79,"boot_121"
80,"boot_122"
81,"boot_123"
82,"boot_124"
83,"boot_129"
84,"boot_130"
85,"boot_131"
86,"boot_132"
87,"boot_133"
88,"boot_134"
89,"boot_135"
90,"boot_136"
91,"boot_138"
92,"boot_141"
93,"boot_142"
94,"boot_143"
95,"boot_145"
96,"boot_146"
97,"boot_147"
98,"boot_148"
99,"boot_149"
100,"boot_150"
