om,season,historical_recent10_mean,reference_share,abs_diff
1,1,0.14091155247454817,0.14091155247454817,0
1,2,0.41419644512907644,0.41419644512907644,0
1,3,0.33409230596227785,0.33409230596227785,0
1,4,0.11079969643409752,0.11079969643409752,0
2,1,0.13898605420940618,0.13898605420940618,0
2,2,0.42308624569974473,0.42308624569974473,0
2,3,0.3255418331071644,0.3255418331071644,0
2,4,0.1123858669836847,0.1123858669836847,0
3,1,0.1399985591140028,0.1399985591140028,0
3,2,0.4111540794258141,0.4111540794258141,0
3,3,0.3366998721398174,0.3366998721398174,0
3,4,0.11214748932036563,0.11214748932036563,0
4,1,0.13887332667635088,0.13887332667635088,0
4,2,0.4185339077302143,0.4185339077302143,0
4,3,0.33425296726688025,0.33425296726688025,0
4,4,0.10833979832655456,0.10833979832655456,0
5,1,0.13519377093448956,0.13519377093448956,0
5,2,0.4188267209835145,0.4188267209835145,0
5,3,0.33552943945637714,0.33552943945637714,0
5,4,0.11045006862561885,0.11045006862561885,0
6,1,0.1427564180320992,0.1427564180320992,0
6,2,0.4157655690034173,0.4157655690034173,0
6,3,0.3354912690250479,0.3354912690250479,0
6,4,0.10598674393943552,0.10598674393943552,0
7,1,0.13810773631542145,0.13810773631542145,0
7,2,0.41124075612476646,0.41124075612476646,0
7,3,0.3383774797813324,0.3383774797813324,0
7,4,0.11227402777847964,0.11227402777847964,0
8,1,0.13792465686909852,0.13792465686909852,0
8,2,0.4082979616016546,0.4082979616016546,0
8,3,0.3403317408102776,0.3403317408102776,0
8,4,0.11344564071896927,0.11344564071896927,0
9,1,0.14035149199828537,0.14035149199828537,0
9,2,0.4127171267145216,0.4127171267145216,0
9,3,0.3371315245781315,0.3371315245781315,0
9,4,0.10979985670906156,0.10979985670906156,0
10,1,0.14107411655240654,0.14107411655240654,0
10,2,0.4196355249994813,0.4196355249994813,0
10,3,0.3281040461417011,0.3281040461417011,0
10,4,0.11118631230641107,0.11118631230641107,0
11,1,0.14131645812488017,0.14131645812488017,0
11,2,0.4100329317386735,0.4100329317386735,0
11,3,0.33502832307849006,0.33502832307849006,0
11,4,0.11362228705795627,0.11362228705795627,0
12,1,0.13590288268684936,0.13590288268684936,0
12,2,0.4165741953343836,0.4165741953343836,0
12,3,0.33478189192841473,0.33478189192841473,0
12,4,0.1127410300503523,0.1127410300503523,0
13,1,0.1399179119410097,0.1399179119410097,0
13,2,0.41953246646988557,0.41953246646988557,0
13,3,0.33155505311171557,0.33155505311171557,0
13,4,0.10899456847738917,0.10899456847738917,0
14,1,0.1415558307335038,0.1415558307335038,0
14,2,0.4141507258523502,0.4141507258523502,0
14,3,0.3325532036931947,0.3325532036931947,0
14,4,0.11174023972095132,0.11174023972095132,0
15,1,0.13692566776527257,0.13692566776527257,0
15,2,0.41524404761057543,0.41524404761057543,0
15,3,0.33601904932195154,0.33601904932195154,0
15,4,0.11181123530220055,0.11181123530220055,0
16,1,0.1350596951122055,0.1350596951122055,0
16,2,0.41907651880070573,0.41907651880070573,0
16,3,0.33698019641149246,0.33698019641149246,0
16,4,0.10888358967559629,0.10888358967559629,0
17,1,0.14188079550911017,0.14188079550911017,0
17,2,0.4128027877739824,0.4128027877739824,0
17,3,0.3339298389583802,0.3339298389583802,0
17,4,0.11138657775852721,0.11138657775852721,0
18,1,0.13804733932754135,0.13804733932754135,0
18,2,0.41464328524476923,0.41464328524476923,0
18,3,0.33468217540019346,0.33468217540019346,0
18,4,0.11262720002749595,0.11262720002749595,0
19,1,0.13784170904685333,0.13784170904685333,0
19,2,0.42061765898813286,0.42061765898813286,0
19,3,0.32947451616727375,0.32947451616727375,0
19,4,0.11206611579774008,0.11206611579774008,0
20,1,0.14038470346742707,0.14038470346742707,0
20,2,0.41692300894469786,0.41692300894469786,0
20,3,0.33313768793718507,0.33313768793718507,0
20,4,0.10955459965069003,0.10955459965069003,0
21,1,0.13833460258984592,0.13833460258984592,0
21,2,0.4253177474212775,0.4253177474212775,0
21,3,0.32868483191283404,0.32868483191283404,0
21,4,0.10766281807604257,0.10766281807604257,0
22,1,0.14483833766960552,0.14483833766960552,0
22,2,0.41011487147317166,0.41011487147317166,0
22,3,0.3341672872168549,0.3341672872168549,0
22,4,0.11087950364036792,0.11087950364036792,0
23,1,0.13629193253405952,0.13629193253405952,0
23,2,0.4129496147497707,0.4129496147497707,0
23,3,0.3418772863799626,0.3418772863799626,0
23,4,0.10888116633620719,0.10888116633620719,0
24,1,0.13835600397137218,0.13835600397137218,0
24,2,0.4215582185595714,0.4215582185595714,0
24,3,0.33032563226702605,0.33032563226702605,0
24,4,0.10976014520203041,0.10976014520203041,0
25,1,0.13580733459148495,0.13580733459148495,0
25,2,0.4145235975217288,0.4145235975217288,0
25,3,0.3407600484684033,0.3407600484684033,0
25,4,0.108909019418383,0.108909019418383,0
26,1,0.13516782699423463,0.13516782699423463,0
26,2,0.42635571890314033,0.42635571890314033,0
26,3,0.3299720618606587,0.3299720618606587,0
26,4,0.10850439224196635,0.10850439224196635,0
27,1,0.13738524801682214,0.13738524801682214,0
27,2,0.4204528392209941,0.4204528392209941,0
27,3,0.3311400302413424,0.3311400302413424,0
27,4,0.11102188252084139,0.11102188252084139,0
28,1,0.140564426910271,0.140564426910271,0
28,2,0.4121245929676849,0.4121245929676849,0
28,3,0.3351061897114509,0.3351061897114509,0
28,4,0.11220479041059321,0.11220479041059321,0
29,1,0.14041771037899473,0.14041771037899473,0
29,2,0.4168306030203084,0.4168306030203084,0
29,3,0.33083390086079323,0.33083390086079323,0
29,4,0.11191778573990366,0.11191778573990366,0
30,1,0.1402212327663572,0.1402212327663572,0
30,2,0.41498634314159394,0.41498634314159394,0
30,3,0.3345801050509645,0.3345801050509645,0
30,4,0.1102123190410843,0.1102123190410843,0
31,1,0.14019514736972946,0.14019514736972946,0
31,2,0.4196392416540248,0.4196392416540248,0
31,3,0.3249796628101091,0.3249796628101091,0
31,4,0.11518594816613667,0.11518594816613667,0
32,1,0.14089433878769406,0.14089433878769406,0
32,2,0.41775713361463374,0.41775713361463374,0
32,3,0.3318438117945849,0.3318438117945849,0
32,4,0.10950471580308738,0.10950471580308738,0
33,1,0.1389610542962609,0.1389610542962609,0
33,2,0.41548619016724453,0.41548619016724453,0
33,3,0.3352880137224043,0.3352880137224043,0
33,4,0.11026474181409031,0.11026474181409031,0
34,1,0.1376684060812827,0.1376684060812827,0
34,2,0.4143002308431364,0.4143002308431364,0
34,3,0.33646202864621777,0.33646202864621777,0
34,4,0.1115693344293632,0.1115693344293632,0
35,1,0.1410549546311763,0.1410549546311763,0
35,2,0.4132021243651041,0.4132021243651041,0
35,3,0.33458060618405927,0.33458060618405927,0
35,4,0.11116231481966028,0.11116231481966028,0
36,1,0.1332956501008597,0.1332956501008597,0
36,2,0.41895213801163467,0.41895213801163467,0
36,3,0.33698257527149106,0.33698257527149106,0
36,4,0.11076963661601458,0.11076963661601458,0
37,1,0.13853362124126345,0.13853362124126345,0
37,2,0.4159047936137931,0.4159047936137931,0
37,3,0.3312130357954401,0.3312130357954401,0
37,4,0.11434854934950334,0.11434854934950334,0
38,1,0.14079698671667534,0.14079698671667534,0
38,2,0.4085014087164988,0.4085014087164988,0
38,3,0.3394414107857557,0.3394414107857557,0
38,4,0.11126019378107013,0.11126019378107013,0
39,1,0.13592665842929008,0.13592665842929008,0
39,2,0.414822821422962,0.414822821422962,0
39,3,0.34361027409469697,0.34361027409469697,0
39,4,0.10564024605305095,0.10564024605305095,0
40,1,0.13667489332565252,0.13667489332565252,0
40,2,0.41206215944362956,0.41206215944362956,0
40,3,0.338458484792134,0.338458484792134,0
40,4,0.11280446243858389,0.11280446243858389,0
41,1,0.14126799569950454,0.14126799569950454,0
41,2,0.40951842204532535,0.40951842204532535,0
41,3,0.3397964803651407,0.3397964803651407,0
41,4,0.10941710189002939,0.10941710189002939,0
42,1,0.13446395998895266,0.13446395998895266,0
42,2,0.42600201578596936,0.42600201578596936,0
42,3,0.3299617221120826,0.3299617221120826,0
42,4,0.10957230211299544,0.10957230211299544,0
43,1,0.13958733641688045,0.13958733641688045,0
43,2,0.4158432958586549,0.4158432958586549,0
43,3,0.33535395648309724,0.33535395648309724,0
43,4,0.10921541124136737,0.10921541124136737,0
44,1,0.13998216100407848,0.13998216100407848,0
44,2,0.4091746155291029,0.4091746155291029,0
44,3,0.33940740790436613,0.33940740790436613,0
44,4,0.1114358155624525,0.1114358155624525,0
45,1,0.14140592739174113,0.14140592739174113,0
45,2,0.4098982088158889,0.4098982088158889,0
45,3,0.34153629855086565,0.34153629855086565,0
45,4,0.10715956524150438,0.10715956524150438,0
46,1,0.1409828197982466,0.1409828197982466,0
46,2,0.41923639685713915,0.41923639685713915,0
46,3,0.3292012976437969,0.3292012976437969,0
46,4,0.1105794857008174,0.1105794857008174,0
47,1,0.14185715365985005,0.14185715365985005,0
47,2,0.4139441793248959,0.4139441793248959,0
47,3,0.3372810442838284,0.3372810442838284,0
47,4,0.1069176227314257,0.1069176227314257,0
48,1,0.14264710914059747,0.14264710914059747,0
48,2,0.4136308474666169,0.4136308474666169,0
48,3,0.332869200185553,0.332869200185553,0
48,4,0.1108528432072327,0.1108528432072327,0
49,1,0.13767876032670992,0.13767876032670992,0
49,2,0.4151698893114273,0.4151698893114273,0
49,3,0.3358223845587025,0.3358223845587025,0
49,4,0.11132896580316032,0.11132896580316032,0
50,1,0.14104965567519584,0.14104965567519584,0
50,2,0.4149366258215156,0.4149366258215156,0
50,3,0.3342452529370123,0.3342452529370123,0
50,4,0.10976846556627629,0.10976846556627629,0
51,1,0.13860584310314217,0.13860584310314217,0
51,2,0.4216160240030568,0.4216160240030568,0
51,3,0.3301588568307523,0.3301588568307523,0
51,4,0.1096192760630487,0.1096192760630487,0
52,1,0.1415814644034195,0.1415814644034195,0
52,2,0.41428712501178955,0.41428712501178955,0
52,3,0.33240369479483906,0.33240369479483906,0
52,4,0.11172771578995189,0.11172771578995189,0
53,1,0.14212652547206825,0.14212652547206825,0
53,2,0.4210343787900655,0.4210343787900655,0
53,3,0.3271732378577514,0.3271732378577514,0
53,4,0.10966585788011486,0.10966585788011486,0
54,1,0.13549881571450798,0.13549881571450798,0
54,2,0.41341587407773783,0.41341587407773783,0
54,3,0.34366114015047766,0.34366114015047766,0
54,4,0.10742417005727652,0.10742417005727652,0
55,1,0.13412539902312662,0.13412539902312662,0
55,2,0.42258241030464394,0.42258241030464394,0
55,3,0.3343860725551715,0.3343860725551715,0
55,4,0.10890611811705796,0.10890611811705796,0
56,1,0.13621107405262511,0.13621107405262511,0
56,2,0.4184264415591488,0.4184264415591488,0
56,3,0.3368703655104125,0.3368703655104125,0
56,4,0.10849211887781358,0.10849211887781358,0
57,1,0.1398984347524126,0.1398984347524126,0
57,2,0.416176078065955,0.416176078065955,0
57,3,0.3357224587265744,0.3357224587265744,0
57,4,0.10820302845505798,0.10820302845505798,0
58,1,0.1392480408230849,0.1392480408230849,0
58,2,0.41665557824527266,0.41665557824527266,0
58,3,0.33208058916114536,0.33208058916114536,0
58,4,0.1120157917704971,0.1120157917704971,0
59,1,0.1332963556375533,0.1332963556375533,0
59,2,0.421807264196867,0.421807264196867,0
59,3,0.33366287469760547,0.33366287469760547,0
59,4,0.11123350546797418,0.11123350546797418,0
60,1,0.13901986354001897,0.13901986354001897,0
60,2,0.4181003483556086,0.4181003483556086,0
60,3,0.33048804457467795,0.33048804457467795,0
60,4,0.11239174352969447,0.11239174352969447,0
61,1,0.13824277873088361,0.13824277873088361,0
61,2,0.41340579732779464,0.41340579732779464,0
61,3,0.3391266482347546,0.3391266482347546,0
61,4,0.10922477570656722,0.10922477570656722,0
62,1,0.1367731319857359,0.1367731319857359,0
62,2,0.4149922258835851,0.4149922258835851,0
62,3,0.33262560043836653,0.33262560043836653,0
62,4,0.1156090416923125,0.1156090416923125,0
63,1,0.13778502434827702,0.13778502434827702,0
63,2,0.41755076793989293,0.41755076793989293,0
63,3,0.33712528388274826,0.33712528388274826,0
63,4,0.10753892382908177,0.10753892382908177,0
64,1,0.1372708134155585,0.1372708134155585,0
64,2,0.41501581975418345,0.41501581975418345,0
64,3,0.3361973238954445,0.3361973238954445,0
64,4,0.11151604293481356,0.11151604293481356,0
65,1,0.1340774951262708,0.1340774951262708,0
65,2,0.41587481171572843,0.41587481171572843,0
65,3,0.3374706305321774,0.3374706305321774,0
65,4,0.11257706262582333,0.11257706262582333,0
66,1,0.13782306234868005,0.13782306234868005,0
66,2,0.41270839048720304,0.41270839048720304,0
66,3,0.33858521414444537,0.33858521414444537,0
66,4,0.11088333301967154,0.11088333301967154,0
67,1,0.13982178213115953,0.13982178213115953,0
67,2,0.41248809000359,0.41248809000359,0
67,3,0.3365568421629269,0.3365568421629269,0
67,4,0.11113328570232357,0.11113328570232357,0
68,1,0.13740421911991627,0.13740421911991627,0
68,2,0.4117337738295248,0.4117337738295248,0
68,3,0.3386628709940636,0.3386628709940636,0
68,4,0.11219913605649526,0.11219913605649526,0
69,1,0.14187655520771572,0.14187655520771572,0
69,2,0.41493468677263917,0.41493468677263917,0
69,3,0.3347627058565998,0.3347627058565998,0
69,4,0.10842605216304534,0.10842605216304534,0
70,1,0.1385837487892362,0.1385837487892362,0
70,2,0.41310279997339405,0.41310279997339405,0
70,3,0.3369104691740865,0.3369104691740865,0
70,4,0.11140298206328321,0.11140298206328321,0
71,1,0.1377411730065973,0.1377411730065973,0
71,2,0.41955162396025486,0.41955162396025486,0
71,3,0.332445908940365,0.332445908940365,0
71,4,0.11026129409278285,0.11026129409278285,0
72,1,0.13801915922988373,0.13801915922988373,0
72,2,0.4082649768559503,0.4082649768559503,0
72,3,0.344016767957074,0.344016767957074,0
72,4,0.10969909595709199,0.10969909595709199,0
73,1,0.13969323674235995,0.13969323674235995,0
73,2,0.4103376823648922,0.4103376823648922,0
73,3,0.3367410080400829,0.3367410080400829,0
73,4,0.11322807285266497,0.11322807285266497,0
74,1,0.1381356718546893,0.1381356718546893,0
74,2,0.41730728928449556,0.41730728928449556,0
74,3,0.3316769646280075,0.3316769646280075,0
74,4,0.11288007423280763,0.11288007423280763,0
75,1,0.138176384175531,0.138176384175531,0
75,2,0.4148989020581273,0.4148989020581273,0
75,3,0.3376964393697456,0.3376964393697456,0
75,4,0.10922827439659609,0.10922827439659609,0
76,1,0.13826467672329806,0.13826467672329806,0
76,2,0.42115767662122705,0.42115767662122705,0
76,3,0.3301332419908613,0.3301332419908613,0
76,4,0.1104444046646136,0.1104444046646136,0
77,1,0.14021524589081796,0.14021524589081796,0
77,2,0.41045722039895494,0.41045722039895494,0
77,3,0.337025990439743,0.337025990439743,0
77,4,0.1123015432704841,0.1123015432704841,0
78,1,0.13967253564398746,0.13967253564398746,0
78,2,0.42219389789799844,0.42219389789799844,0
78,3,0.3274078755011229,0.3274078755011229,0
78,4,0.11072569095689119,0.11072569095689119,0
79,1,0.13812695731017152,0.13812695731017152,0
79,2,0.4204033188377449,0.4204033188377449,0
79,3,0.3325980266755063,0.3325980266755063,0
79,4,0.10887169717657731,0.10887169717657731,0
80,1,0.13689339692472643,0.13689339692472643,0
80,2,0.42050474971623786,0.42050474971623786,0
80,3,0.3320335162672362,0.3320335162672362,0
80,4,0.11056833709179947,0.11056833709179947,0
81,1,0.13614976739762724,0.13614976739762724,0
81,2,0.4165598619610121,0.4165598619610121,0
81,3,0.3369339647351943,0.3369339647351943,0
81,4,0.11035640590616633,0.11035640590616633,0
82,1,0.13954400460351699,0.13954400460351699,0
82,2,0.41258829136016795,0.41258829136016795,0
82,3,0.33733971649256433,0.33733971649256433,0
82,4,0.11052798754375079,0.11052798754375079,0
83,1,0.1372714314776696,0.1372714314776696,0
83,2,0.4234606441784925,0.4234606441784925,0
83,3,0.33177137242667265,0.33177137242667265,0
83,4,0.10749655191716527,0.10749655191716527,0
84,1,0.13606197909555692,0.13606197909555692,0
84,2,0.41946944791100604,0.41946944791100604,0
84,3,0.3343550368200376,0.3343550368200376,0
84,4,0.11011353617339947,0.11011353617339947,0
85,1,0.1348865986325514,0.1348865986325514,0
85,2,0.4132902894610847,0.4132902894610847,0
85,3,0.34114736100094956,0.34114736100094956,0
85,4,0.11067575090541436,0.11067575090541436,0
86,1,0.13851982534631807,0.13851982534631807,0
86,2,0.4167113351482341,0.4167113351482341,0
86,3,0.3339130726171459,0.3339130726171459,0
86,4,0.11085576688830191,0.11085576688830191,0
87,1,0.13620095006326433,0.13620095006326433,0
87,2,0.41205722918858306,0.41205722918858306,0
87,3,0.3435548965654678,0.3435548965654678,0
87,4,0.10818692418268484,0.10818692418268484,0
88,1,0.13518482383670533,0.13518482383670533,0
88,2,0.4150652028107727,0.4150652028107727,0
88,3,0.3391637393344825,0.3391637393344825,0
88,4,0.1105862340180395,0.1105862340180395,0
89,1,0.14157566966167648,0.14157566966167648,0
89,2,0.41635721769619766,0.41635721769619766,0
89,3,0.33168628147385326,0.33168628147385326,0
89,4,0.11038083116827264,0.11038083116827264,0
90,1,0.14179416109501644,0.14179416109501644,0
90,2,0.41664391086861174,0.41664391086861174,0
90,3,0.33066008097424676,0.33066008097424676,0
90,4,0.11090184706212505,0.11090184706212505,0
91,1,0.1406688737569516,0.1406688737569516,0
91,2,0.4184008211275714,0.4184008211275714,0
91,3,0.3301830347058711,0.3301830347058711,0
91,4,0.11074727040960586,0.11074727040960586,0
92,1,0.13569050389322904,0.13569050389322904,0
92,2,0.41480596490934823,0.41480596490934823,0
92,3,0.3412720058250504,0.3412720058250504,0
92,4,0.10823152537237231,0.10823152537237231,0
93,1,0.1370680298403748,0.1370680298403748,0
93,2,0.4195539684276463,0.4195539684276463,0
93,3,0.3350680835223369,0.3350680835223369,0
93,4,0.10830991820964193,0.10830991820964193,0
94,1,0.1421632203046954,0.1421632203046954,0
94,2,0.4161082946769775,0.4161082946769775,0
94,3,0.33421670015506033,0.33421670015506033,0
94,4,0.10751178486326674,0.10751178486326674,0
95,1,0.13425903440024814,0.13425903440024814,0
95,2,0.4194942758001449,0.4194942758001449,0
95,3,0.335825807635236,0.335825807635236,0
95,4,0.11042088216437096,0.11042088216437096,0
96,1,0.1388725002325174,0.1388725002325174,0
96,2,0.4153229052610542,0.4153229052610542,0
96,3,0.3331260172788537,0.3331260172788537,0
96,4,0.11267857722757472,0.11267857722757472,0
97,1,0.1371884069385422,0.1371884069385422,0
97,2,0.4151768735878658,0.4151768735878658,0
97,3,0.33961528533828,0.33961528533828,0
97,4,0.108019434135312,0.108019434135312,0
98,1,0.1357126613264004,0.1357126613264004,0
98,2,0.4171718248638433,0.4171718248638433,0
98,3,0.3333900483829384,0.3333900483829384,0
98,4,0.1137254654268179,0.1137254654268179,0
99,1,0.1358985146388546,0.1358985146388546,0
99,2,0.4193665718364317,0.4193665718364317,0
99,3,0.33290276391669543,0.33290276391669543,0
99,4,0.11183214960801821,0.11183214960801821,0
100,1,0.13987392534755544,0.13987392534755544,0
100,2,0.42194095229115597,0.42194095229115597,0
100,3,0.3268593634446729,0.3268593634446729,0
100,4,0.11132575891661568,0.11132575891661568,0
