"scenario_number","Besc","Fcap_previous","Fcap","delta_Fcap","mean_catch","delta_mean_catch","mean_catch_open","delta_mean_catch_open","mean_P_closed","delta_mean_P_closed","mean_years_closed","delta_mean_years_closed","max_P_Blim","delta_max_P_Blim","P_ever_Blim","delta_P_ever_Blim","median_mean_SSB_open","delta_median_mean_SSB_open","median_IAV","delta_median_IAV","delta_P_closed_percentage_points","catch_gain_per_1pct_closure","catch_gain_per_extra_closed_year"
5,5000,1,1.25,0.25,5366.74354275145,501.01359972368,6497.89702956948,834.908437256739,0.166166666666667,0.0316,4.985,0.948,0,0,0,0,13554.8383832554,-242.344770989001,0.693733486887547,0.151522399733799,3.16,158.548607507494,528.495358358312
9,5000,1.25,1.5,0.25,5747.72599726589,380.98245451444,7226.44452345757,728.54749388809,0.195866666666667,0.0297,5.876,0.891,0.001,0.001,0.002,0.002,13333.9800957509,-220.858287504499,0.841321654193099,0.147588167305552,2.97,128.276920711933,427.589735706442
13,5000,1.5,1.75,0.25,6040.15054594837,292.424548682479,7887.91157611817,661.467052660601,0.225033333333333,0.029166666666666,6.751,0.875,0.001,0,0.003,0.001,13200.9175253985,-133.0625703524,0.96181813109332,0.120496476900221,2.9166666666666,100.259845262567,334.199484208548
17,5000,1.75,2,0.25,6281.37539564273,241.22484969436,8507.23599829228,619.324422174111,0.2519,0.026866666666667,7.557,0.806,0.001,0,0.005,0.002,13042.1603357544,-158.757189644099,1.08863201786302,0.1268138867697,2.6866666666667,89.785924203855,299.286414012854
6,6561,1,1.25,0.25,4224.63777094128,389.19159282877,7764.76985125411,1156.15302775355,0.424833333333333,0.037866666666666,12.745,1.136,0.001,0.001,0.002,0.002,15178.1952079594,-174.961573009101,1.24724778803275,0.11413665821569,3.7866666666666,102.779469937177,342.598233123917
10,6561,1.25,1.5,0.25,4549.7596166255,325.12184568422,8787.08936178345,1022.31951052934,0.4522,0.027366666666667,13.566,0.821000000000002,0.002,0.001,0.004,0.002,15016.011607144,-162.183600815399,1.35496908840272,0.10772130036997,2.7366666666667,118.802136060006,396.007120200023
14,6561,1.5,1.75,0.25,4835.02051249565,285.26089587015,9737.39889600969,950.30953422624,0.475166666666667,0.022966666666667,14.255,0.689,0.002,0,0.015,0.011,14873.3927587927,-142.618848351301,1.41576534806881,0.06079625966609,2.2966666666667,124.206485865085,414.021619550291
18,6561,1.75,2,0.25,5071.05635995714,236.03584746149,10552.7061258523,815.30722984261,0.492833333333333,0.017666666666666,14.785,0.529999999999999,0.004,0.002,0.033,0.018,14751.3664758705,-122.026282922199,1.45998684602877,0.04422149795996,1.7666666666666,133.60519667632,445.350655587717
7,8000,1,1.25,0.25,3166.97178089146,341.3930371489,9923.72095222325,1476.72912502624,0.644866666666667,0.0182,19.346,0.545999999999999,0.001,0.001,0.002,0.002,16778.9517442506,-222.3970824276,1.17241379310345,0.0486265502291801,1.82,187.578591840055,625.261972800184
11,8000,1.25,1.5,0.25,3449.73778037915,282.76599948769,11217.5273149368,1293.80636271355,0.659733333333333,0.0148666666666659,19.792,0.446000000000002,0.002,0.001,0.007,0.005,16559.3934681528,-219.5582760978,1.18717522632311,0.0147614332196599,1.48666666666659,190.201344946886,634.004483156253
15,8000,1.5,1.75,0.25,3688.54440151226,238.80662113311,12346.5507907056,1129.0234757688,0.670466666666667,0.010733333333334,20.114,0.321999999999999,0.004,0.002,0.039,0.032,16395.604807159,-163.7886609938,1.19070140386602,0.00352617754291007,1.0733333333334,222.49064080723,741.635469357485
19,8000,1.75,2,0.25,3889.76708825771,201.22268674545,13341.4605707987,994.909780093099,0.679,0.00853333333333306,20.37,0.256,0.008,0.004,0.085,0.046,16279.9423031401,-115.662504018901,1.17436624655153,-0.0163351573144899,0.853333333333306,235.807836029832,786.026120099414
8,10000,1,1.25,0.25,1796.06919287892,215.56386283278,13612.8598628621,1975.3283911742,0.851433333333333,0.00570000000000004,25.543,0.170999999999999,0.001,0,0.002,0.001,19035.3825622139,-265.034233923798,0.421764525388771,-0.060994095300884,0.570000000000004,378.182215496103,1260.60738498702
12,10000,1.25,1.5,0.25,1957.47703556438,161.40784268546,15089.0570707892,1476.1972079271,0.855033333333333,0.00359999999999994,25.651,0.108000000000001,0.001,0,0.006,0.004,18818.9456593601,-216.436902853802,0.417570560104638,-0.00419396528413302,0.359999999999994,448.35511857073,1494.5170619024
16,10000,1.5,1.75,0.25,2099.79841361923,142.32137805485,16424.2418543052,1335.184783516,0.858166666666667,0.00313333333333399,25.745,0.0940000000000012,0.004,0.003,0.032,0.026,18674.5405423012,-144.405117058897,0.413793103448276,-0.00377745665636198,0.313333333333399,454.217164004745,1514.05721334945
20,10000,1.75,2,0.25,2215.28556240043,115.4871487812,17496.2604550555,1072.0186007503,0.8601,0.00193333333333301,25.803,0.0579999999999998,0.007,0.003,0.089,0.057,18539.3267125732,-135.213829728,0.413793103448276,0,0.193333333333301,597.34732128217,1991.15773760691
