"scenario_number","Fcap","Besc","max_P_Blim","P_ever_Blim","mean_catch","mean_catch_open","mean_P_closed","mean_years_closed","median_years_closed","median_mean_SSB_open","median_IAV","Besc_previous","delta_mean_catch","delta_mean_P_closed","delta_mean_years_closed","delta_median_mean_SSB_open","delta_max_P_Blim"
1,1,5000,0,0,4865.72994302777,5662.98859231274,0.134566666666667,4.037,3,13797.1831542444,0.542211087153748,NA,NA,NA,NA,NA,NA
2,1,6561,0,0,3835.44617811251,6608.61682350056,0.386966666666667,11.609,11,15353.1567809685,1.13311112981706,5000,-1030.28376491526,0.2524,7.572,1555.9736267241,0
3,1,8000,0,0,2825.57874374256,8446.99182719701,0.626666666666667,18.8,19,17001.3488266782,1.12378724287427,6561,-1009.86743436995,0.2397,7.191,1648.1920457097,0
4,1,10000,0.001,0.001,1580.50533004614,11637.5314716879,0.845733333333333,25.372,26,19300.4167961377,0.482758620689655,8000,-1245.07341369642,0.219066666666666,6.572,2299.0679694595,0.001
5,1.25,5000,0,0,5366.74354275145,6497.89702956948,0.166166666666667,4.985,4,13554.8383832554,0.693733486887547,NA,NA,NA,NA,NA,NA
6,1.25,6561,0.001,0.002,4224.63777094128,7764.76985125411,0.424833333333333,12.745,12,15178.1952079594,1.24724778803275,5000,-1142.10577181017,0.258666666666666,7.76,1623.356824704,0.001
7,1.25,8000,0.001,0.002,3166.97178089146,9923.72095222325,0.644866666666667,19.346,19,16778.9517442506,1.17241379310345,6561,-1057.66599004982,0.220033333333334,6.601,1600.7565362912,0
8,1.25,10000,0.001,0.002,1796.06919287892,13612.8598628621,0.851433333333333,25.543,26,19035.3825622139,0.421764525388771,8000,-1370.90258801254,0.206566666666666,6.197,2256.4308179633,0
9,1.5,5000,0.001,0.002,5747.72599726589,7226.44452345757,0.195866666666667,5.876,5,13333.9800957509,0.841321654193099,NA,NA,NA,NA,NA,NA
10,1.5,6561,0.002,0.004,4549.7596166255,8787.08936178345,0.4522,13.566,13,15016.011607144,1.35496908840272,5000,-1197.96638064039,0.256333333333333,7.69,1682.0315113931,0.001
11,1.5,8000,0.002,0.007,3449.73778037915,11217.5273149368,0.659733333333333,19.792,20,16559.3934681528,1.18717522632311,6561,-1100.02183624635,0.207533333333333,6.226,1543.3818610088,0
12,1.5,10000,0.001,0.006,1957.47703556438,15089.0570707892,0.855033333333333,25.651,26,18818.9456593601,0.417570560104638,8000,-1492.26074481477,0.1953,5.859,2259.5521912073,-0.001
13,1.75,5000,0.001,0.003,6040.15054594837,7887.91157611817,0.225033333333333,6.751,6,13200.9175253985,0.96181813109332,NA,NA,NA,NA,NA,NA
14,1.75,6561,0.002,0.015,4835.02051249565,9737.39889600969,0.475166666666667,14.255,14,14873.3927587927,1.41576534806881,5000,-1205.13003345272,0.250133333333334,7.504,1672.4752333942,0.001
15,1.75,8000,0.004,0.039,3688.54440151226,12346.5507907056,0.670466666666667,20.114,20,16395.604807159,1.19070140386602,6561,-1146.47611098339,0.1953,5.859,1522.2120483663,0.002
16,1.75,10000,0.004,0.032,2099.79841361923,16424.2418543052,0.858166666666667,25.745,27,18674.5405423012,0.413793103448276,8000,-1588.74598789303,0.1877,5.631,2278.9357351422,0
17,2,5000,0.001,0.005,6281.37539564273,8507.23599829228,0.2519,7.557,7,13042.1603357544,1.08863201786302,NA,NA,NA,NA,NA,NA
18,2,6561,0.004,0.033,5071.05635995714,10552.7061258523,0.492833333333333,14.785,14,14751.3664758705,1.45998684602877,5000,-1210.31903568559,0.240933333333333,7.228,1709.2061401161,0.003
19,2,8000,0.008,0.085,3889.76708825771,13341.4605707987,0.679,20.37,20,16279.9423031401,1.17436624655153,6561,-1181.28927169943,0.186166666666667,5.585,1528.5758272696,0.004
20,2,10000,0.007,0.089,2215.28556240043,17496.2604550555,0.8601,25.803,27,18539.3267125732,0.413793103448276,8000,-1674.48152585728,0.1811,5.433,2259.3844094331,-0.001
