"draw","CV","F","TAC","SSB","SSB_SD","SSB_P05","p_below","branch"
1,0.294344830141148,1.08306063934553,7176.76684276237,12718.9162138333,3743.74723254024,6560.9999999999,0.0500000000000027,"Reduced F"
2,0.298809596483731,0.951637600257963,6560.90664173909,12902.6053512987,3855.42229861038,6560.99999999979,0.0500000000000055,"Reduced F"
3,0.239701811922871,1.5,8816.39187932008,12153.3659157124,2913.18383095792,7361.60492538486,0.027449487522694,"Fcap"
4,0.391271563153885,0,0,14314.6699395167,5600.92328326664,5101.97096275863,0.083124786874034,"Closure"
5,0.294644283452209,1.07430451006952,7137.37227929524,12731.0725146009,3751.13773864268,6560.99999999989,0.0500000000000029,"Reduced F"
6,0.293237085243663,1.11537933070967,7320.23015075726,12674.1484015604,3716.5303352192,6560.99999999992,0.0500000000000021,"Reduced F"
7,0.383151573967368,0,0,14314.6699395167,5484.6883181492,5293.16046671063,0.0787259114207893,"Closure"
8,0.243366069289898,1.5,8816.39187932008,12153.3659157124,2957.71689154875,7288.35455915279,0.0293274466393981,"Fcap"
9,0.317410762428556,0.382964861661209,3167.84485169241,13728.6482011878,4357.62069265245,6560.99999999965,0.0500000000000082,"Reduced F"
10,0.349068029837756,0,0,14314.6699395167,4996.79363356484,6095.67580821955,0.0603635319190651,"Closure"
11,0.293258416005775,1.11475807132529,7317.50087165611,12675.0074756163,3717.05261516058,6560.99999999992,0.0500000000000021,"Reduced F"
12,0.431924479725381,0,0,14314.6699395167,6182.85636606631,4144.77622087255,0.104910184600523,"Closure"
13,0.308336633140625,0.664768583902064,5013.26415888218,13312.8700619331,4104.84553233508,6560.99999999623,0.0500000000000947,"Reduced F"
14,0.295693887819011,1.04354775703982,6997.18536233414,12773.8652620535,3777.15388181282,6560.99999999987,0.0500000000000035,"Reduced F"
15,0.312802918126332,0.52714283827455,4156.73727186918,13514.3211316922,4227.31908648967,6560.99999999848,0.050000000000037,"Reduced F"
16,0.339453592125839,0,0,14314.6699395167,4859.16613106472,6322.05290487515,0.0552802262730499,"Closure"
17,0.240747182522194,1.5,8816.39187932008,12153.3659157124,2925.88860236902,7340.70743604973,0.0279804949305341,"Fcap"
18,0.274097968142064,1.5,8816.39187932008,12153.3659157124,3331.21290358378,6674.00828910506,0.0465976887302319,"Fcap"
19,0.296112332372382,1.03125729206591,6940.36813541402,12791.005709784,3787.5745341126,6560.99999999986,0.0500000000000038,"Reduced F"
20,0.319532033934381,0.315824066288904,2672.37903027561,13829.6179875829,4419.00596410786,6560.99999999987,0.0500000000000031,"Reduced F"
21,0.288067023926334,1.26473445600286,7945.38780396139,12469.3087263184,3591.99665520922,6560.99999999999,0.0500000000000004,"Reduced F"
22,0.304873582972535,0.770081735166696,5616.46316145802,13160.7562876979,4012.36692405878,6560.99999999969,0.0500000000000081,"Reduced F"
23,0.29018652029685,1.2037982192707,7697.61200629542,12552.4777752266,3642.55984669654,6560.99999999997,0.0500000000000009,"Reduced F"
24,0.33035414384812,0,0,14314.6699395167,4728.91053233746,6536.30429887242,0.0505409207730452,"Closure"
25,0.339140966996213,0,0,14314.6699395167,4854.69100551932,6329.41383135957,0.0551161329176853,"Closure"
26,0.246074474040137,1.5,8816.39187932008,12153.3659157124,2990.63312552625,7234.21217230931,0.0307446493017903,"Fcap"
27,0.320247701257271,0.293061385616346,2499.04980382592,13864.0187230037,4439.9201262297,6560.99999999991,0.0500000000000021,"Reduced F"
28,0.292586798356392,1.13429887220179,7402.81809460369,12648.0145535852,3700.64208379855,6560.99999999994,0.0500000000000017,"Reduced F"
29,0.309952554254723,0.615212238702343,4714.10952934816,13385.0587834912,4148.7331587927,6560.99999999716,0.0500000000000706,"Reduced F"
30,0.311087394442295,0.580249295830142,4496.86326122785,13436.225729979,4179.8404534777,6560.99999999774,0.0500000000000558,"Reduced F"
31,0.385948139001588,0,0,14314.6699395167,5524.72022357844,5227.31384187156,0.0802413097966837,"Closure"
32,0.247300262406076,1.5,8816.39187932008,12153.3659157124,3005.53058007273,7209.70804016619,0.0313938607017888,"Fcap"
33,0.299170101015813,0.940943619681021,6508.39710894587,12917.6689768998,3864.58033270794,6560.99999999978,0.0500000000000058,"Reduced F"
34,0.285143596900364,1.34812761996004,8269.12754931669,12356.385493402,3523.34420427613,6561,0.05,"Reduced F"
35,0.340567442314038,0,0,14314.6699395167,4875.11052887085,6295.82670431418,0.055865539475251,"Closure"
36,0.359574199851868,0,0,14314.6699395167,5147.18598964531,5848.30239585481,0.0659835322583434,"Closure"
37,0.358547256794671,0,0,14314.6699395167,5132.48563873485,5872.48232136735,0.0654318581094042,"Closure"
38,0.319678405839992,0.31117310497204,2637.1880901077,13836.6399058246,4423.27498727601,6560.99999999988,0.0500000000000029,"Reduced F"
39,0.310503226716507,0.598263325357111,4609.44565596154,13409.8383899336,4163.79808982127,6560.99999999745,0.0500000000000632,"Reduced F"
40,0.36286845773794,0,0,14314.6699395167,5194.34220398009,5770.73732567296,0.0677559677353024,"Closure"
41,0.28300956877444,1.40852911213386,8493.0906417899,12275.2373282411,3474.00962286942,6561,0.05,"Reduced F"
42,0.336229696892186,0,0,14314.6699395167,4813.01713487539,6397.96124863735,0.0535921405710459,"Closure"
43,0.271729148550577,1.5,8816.39187932008,12153.3659157124,3302.42377230013,6721.36219611374,0.0451884822879305,"Fcap"
44,0.311204495509999,0.576633994533051,4474.10052868285,13441.5277821819,4183.06387233756,6560.9999999978,0.0500000000000543,"Reduced F"
45,0.310202832059884,0.607512913232534,4666.71481939175,13396.3096252466,4155.57318490256,6560.99999999729,0.0500000000000672,"Reduced F"
46,0.280924148532248,1.4671744548164,8702.50438915141,12196.9606614031,3426.420788486,6561,0.05,"Reduced F"
47,0.341223453913019,0,0,14314.6699395167,4884.50111838677,6280.38055908972,0.0562107416015858,"Closure"
48,0.331923661348396,0,0,14314.6699395167,4751.37765731821,6499.34916686066,0.0513525665389513,"Closure"
49,0.266333264590637,1.5,8816.39187932008,12153.3659157124,3236.84562009626,6829.22865761506,0.042019134891797,"Fcap"
50,0.29564106814015,1.04509799981539,7004.31932215421,12771.7049117311,3775.840482075,6560.99999999987,0.0500000000000035,"Reduced F"
51,0.240866550222894,1.5,8816.39187932008,12153.3659157124,2927.33932171415,7338.3212150732,0.028041373595312,"Fcap"
52,0.242454407515149,1.5,8816.39187932008,12153.3659157124,2946.63713240885,7306.57914115979,0.0288558958073128,"Fcap"
53,0.299685817700774,0.925623807574431,6432.52001820518,12939.2793687792,3877.71851809135,6560.99999999977,0.0500000000000061,"Reduced F"
54,0.245650827609503,1.5,8816.39187932008,12153.3659157124,2985.48439543588,7242.68107967265,0.0305213907514475,"Fcap"
55,0.284905611668657,1.35488321363355,8294.6057541235,12347.2827967384,3517.81015765062,6561,0.05,"Reduced F"
56,0.305549715021841,0.749614645082312,5502.58186988248,13190.1815512655,4030.25621407553,6560.99999999968,0.0500000000000081,"Reduced F"
57,0.293435599877394,1.10959596218814,7294.78008318374,12682.1478740015,3721.39366914144,6560.99999999992,0.0500000000000022,"Reduced F"
58,0.312454279583686,0.537960272354125,4227.0304840648,13498.3767238109,4217.62557478755,6560.99999999834,0.0500000000000406,"Reduced F"
59,0.278585878928241,1.5,8816.39187932008,12153.3659157124,3385.75612556526,6584.29267260319,0.0492944722610914,"Fcap"
60,0.294821008970956,1.06913307791029,7113.9990100817,12738.2575928625,3755.50595605966,6560.99999999989,0.050000000000003,"Reduced F"
61,0.24195525807551,1.5,8816.39187932008,12153.3659157124,2940.5707866223,7316.55739202915,0.0285989112471414,"Fcap"
62,0.304100048184327,0.793441611329537,5744.53062218568,13127.2526656863,3991.99816816304,6560.99999999969,0.050000000000008,"Reduced F"
63,0.293907906659292,1.09582152716621,7233.77565182158,12701.2209036102,3732.98924779731,6560.99999999991,0.0500000000000025,"Reduced F"
64,0.303215484608242,0.820081979484917,5888.14252660061,13089.1485827817,3968.83253063743,6560.9999999997,0.0500000000000078,"Reduced F"
65,0.311787444940668,0.558615237192272,4359.80362681966,13467.9847062017,4199.14854004663,6560.99999999806,0.0500000000000476,"Reduced F"
66,0.302981780503269,0.827107580679039,5925.58878395732,13079.1182942703,3962.73454821089,6560.9999999997,0.0500000000000077,"Reduced F"
67,0.248545799767907,1.5,8816.39187932008,12153.3659157124,3020.66805139276,7184.80911556257,0.0320583683428753,"Fcap"
68,0.277163461538462,1.5,8816.39187932008,12153.3659157124,3368.4689665424,6612.72751882164,0.0484361052356485,"Fcap"
69,0.246044904670556,1.5,8816.39187932008,12153.3659157124,2990.27375815783,7234.80327902866,0.0307290477137059,"Fcap"
70,0.277555906718383,1.5,8816.39187932008,12153.3659157124,3373.23849641585,6604.88234031045,0.0486726021142428,"Fcap"
71,0.265727727024284,1.5,8816.39187932008,12153.3659157124,3229.48630047665,6841.33366118327,0.041667232888994,"Fcap"
72,0.381855125926926,0,0,14314.6699395167,5466.13009235653,5323.68603171548,0.0780233693096926,"Closure"
73,0.28379011329831,1.38648252828066,8412.33724479898,12304.7942467204,3491.97895338917,6561,0.05,"Reduced F"
74,0.28152773770858,1.45023894101503,8642.82280815516,12219.5136555145,3440.13203533611,6561,0.05,"Reduced F"
75,0.316102791795006,0.424120917912734,3460.28509693827,13667.1220058388,4320.21542184861,6560.99999999943,0.0500000000000135,"Reduced F"
76,0.223766593131942,1.5,8816.39187932008,12153.3659157124,2719.51728604482,7680.15804420433,0.0198728634593063,"Fcap"
77,0.287772774506408,1.27316243312142,7978.89763907327,12457.8494210384,3585.02989227528,6560.99999999999,0.0500000000000003,"Reduced F"
78,0.31428090349076,0.481142714265832,3851.8927620818,13582.3347715929,4268.66844353018,6560.99999999898,0.0500000000000246,"Reduced F"
79,0.268394219981013,1.5,8816.39187932008,12153.3659157124,3261.89316509145,6788.02911238349,0.0432226854856679,"Fcap"
80,0.266536142957102,1.5,8816.39187932008,12153.3659157124,3239.31127512029,6825.17301600598,0.0421372125869019,"Fcap"
81,0.333055877788993,0,0,14314.6699395167,4767.58496196545,6472.69052302854,0.0519396587871924,"Closure"
82,0.293957121563617,1.09438502899772,7227.38193234539,12703.2116359293,3734.19952711122,6560.99999999991,0.0500000000000025,"Reduced F"
83,0.297610880450471,0.987107162032656,6732.42429144761,12852.7688387468,3825.12385032583,6560.99999999982,0.0500000000000048,"Reduced F"
84,0.268853880043898,1.5,8816.39187932008,12153.3659157124,3267.47958203254,6778.84027421629,0.043492319791609,"Fcap"
85,0.242111305368044,1.5,8816.39187932008,12153.3659157124,2942.46728646862,7313.43792737841,0.0286791597791552,"Fcap"
86,0.247498328196413,1.5,8816.39187932008,12153.3659157124,3007.93774609808,7205.74860439871,0.0314992076221797,"Fcap"
87,0.299937382032221,0.918141609166594,6395.17934781199,12949.8470818411,3884.14323144503,6560.99999999976,0.0500000000000063,"Reduced F"
88,0.299900495834317,0.919239084241798,6400.66806632458,12948.2964868157,3883.20053660576,6560.99999999976,0.0500000000000063,"Reduced F"
89,0.374417829448298,0,0,14314.6699395167,5359.66764802264,5498.8011694122,0.0739946972287177,"Closure"
90,0.24765589506143,1.5,8816.39187932008,12153.3659157124,3009.85271386483,7202.59876272209,0.0315831018153388,"Fcap"
91,0.293846508724796,1.09761331278749,7241.7422963508,12698.7382449024,3731.4798984746,6560.99999999991,0.0500000000000024,"Reduced F"
92,0.400190366380216,0,0,14314.6699395167,5728.59300770706,4891.97295346091,0.0879474371270269,"Closure"
93,0.355505697154764,0,0,14314.6699395167,5088.94671638823,5944.09747570275,0.0638006301236259,"Closure"
94,0.244165362889097,1.5,8816.39187932008,12153.3659157124,2967.43099913389,7272.37627405877,0.0297431729500681,"Fcap"
95,0.308865813356595,0.648569283415219,4916.5862772714,13336.4244551369,4119.16558660464,6560.99999999655,0.0500000000000865,"Reduced F"
96,0.246390412501912,1.5,8816.39187932008,12153.3659157124,2994.47284125906,7227.89640195974,0.0309115217554414,"Fcap"
97,0.296185690629818,1.02910093738765,6930.35204655464,12794.0153722109,3789.4042789468,6560.99999999986,0.0500000000000038,"Reduced F"
98,0.31345467365916,0.506886235205342,4023.68845827912,13544.2293456843,4245.50198951628,6560.99999999872,0.0500000000000311,"Reduced F"
99,0.250010779311561,1.5,8816.39187932008,12153.3659157124,3038.47248384582,7155.52343026634,0.0328460488906313,"Fcap"
100,0.310464399339039,0.599459399900559,4616.87164678104,13408.088197996,4162.73404867569,6560.99999999743,0.0500000000000637,"Reduced F"
