"F","SSB","Catch_Q1","Catch_Q2","Catch_Q3","Catch_Q4","Catch_total","delta_F","delta_catch","marginal_catch","catch_gain_pct","SSB_loss","SSB_loss_pct"
0.25,13929.3317264108,356.368336412659,1134.02254544692,580.658829637159,92.4338947373863,2163.48360623413,NA,NA,NA,NA,NA,NA
0.5,13554.4117824986,703.723960859326,2105.30629377725,1007.59517631541,161.407724610378,3978.03315556236,0.25,1814.54954932824,7258.19819731294,83.8716569933588,374.919943912206,2.69158600912158
0.75,13189.6269217005,1042.30444194925,2933.97692051955,1315.22231647374,213.236945646923,5504.74062458945,0.25,1526.70746902709,6106.82987610837,38.3784500863786,364.784860798045,2.69126293823428
1,12834.701705557,1372.3409472732,3637.72161165767,1531.00995525134,252.704559086771,6793.77707326899,0.25,1289.03644867953,5156.14579471814,23.4168426196406,354.925216143543,2.69094204294433
1.25,12489.3682296071,1694.05841868131,4232.08476225573,1676.81156217808,283.410235978681,7886.3649790938,0.25,1092.58790582481,4370.35162329924,16.0821865957854,345.333475949838,2.69062331071021
1.5,12153.3659157124,2007.67574269117,4730.72768930575,1769.94553361644,308.042913706723,8816.39187932008,0.25,930.026900226284,3720.10760090514,11.7928462947343,336.002313894764,2.69030672903246
1.75,11826.4413101568,2313.4059161636,5145.65675175029,1824.07502494695,328.593213830577,9611.73090669141,0.25,795.339027371334,3181.35610948534,9.02113969363021,326.924605555627,2.68999228545374
2,11508.3478873623,2611.45620737932,5487.42373311431,1849.92321484879,346.518599612075,10295.3217549545,0.25,683.590848263075,2734.3633930523,7.11204729823614,318.093422794427,2.68967996755916
2.25,11198.8458590614,2902.02831264603,5765.30187054758,1855.85413024021,362.871471528339,10886.0557849622,0.25,590.73403000767,2362.93612003068,5.73788798512671,309.502028300918,2.68936976297694
2.5,10897.7019887725,3185.31850856172,5987.44050024423,1848.34371535119,378.398243951266,11399.5009681084,0.25,513.44518314625,2053.780732585,4.71654007005472,301.143870288879,2.68906165937816
2.75,10604.6894114311,3461.51780005646,6161.00092607675,1832.36135983714,393.615739804102,11848.4958257745,0.25,448.994857666041,1795.97943066416,3.93872379959581,293.012577341467,2.68875564447758
3,10319.5874580299,3730.81206433132,6292.2757996366,1811.67843444072,408.869889925345,12243.636188334,0.25,395.140362559532,1580.56145023813,3.33494114670631,285.101953401179,2.68845170603357
