"global_iter","forecast_CV"
1,0.385948139001588
2,0.302981780503269
3,0.31345467365916
4,0.293957121563617
5,0.28379011329831
6,0.296112332372382
7,0.304100048184327
8,0.310202832059884
9,0.294344830141148
10,0.31428090349076
11,0.28152773770858
12,0.297610880450471
13,0.339453592125839
14,0.319678405839992
15,0.33035414384812
16,0.268394219981013
17,0.24195525807551
18,0.243366069289898
19,0.333055877788993
20,0.311087394442295
21,0.24195525807551
22,0.297610880450471
23,0.331923661348396
24,0.355505697154764
25,0.310202832059884
26,0.299170101015813
27,0.312802918126332
28,0.319532033934381
29,0.309952554254723
30,0.294821008970956
31,0.285143596900364
32,0.28379011329831
33,0.285143596900364
34,0.247498328196413
35,0.250010779311561
36,0.28379011329831
37,0.341223453913019
38,0.355505697154764
39,0.293957121563617
40,0.331923661348396
41,0.431924479725381
42,0.31345467365916
43,0.298809596483731
44,0.310202832059884
45,0.248545799767907
46,0.293237085243663
47,0.358547256794671
48,0.339140966996213
49,0.431924479725381
50,0.246074474040137
51,0.400190366380216
52,0.239701811922871
53,0.244165362889097
54,0.293435599877394
55,0.36286845773794
56,0.312454279583686
57,0.391271563153885
58,0.223766593131942
59,0.308865813356595
60,0.359574199851868
61,0.339453592125839
62,0.247300262406076
63,0.29564106814015
64,0.248545799767907
65,0.293435599877394
66,0.266333264590637
67,0.244165362889097
68,0.293907906659292
69,0.29564106814015
70,0.29564106814015
71,0.294344830141148
72,0.297610880450471
73,0.311787444940668
74,0.28379011329831
75,0.310464399339039
76,0.333055877788993
77,0.295693887819011
78,0.385948139001588
79,0.296112332372382
80,0.309952554254723
81,0.299937382032221
82,0.294821008970956
83,0.277163461538462
84,0.316102791795006
85,0.349068029837756
86,0.288067023926334
87,0.340567442314038
88,0.310202832059884
89,0.311204495509999
90,0.31345467365916
91,0.293237085243663
92,0.309952554254723
93,0.308865813356595
94,0.302981780503269
95,0.299900495834317
96,0.308865813356595
97,0.310503226716507
98,0.299937382032221
99,0.245650827609503
100,0.341223453913019
101,0.239701811922871
102,0.333055877788993
103,0.304100048184327
104,0.293907906659292
105,0.339453592125839
106,0.308336633140625
107,0.308336633140625
108,0.312802918126332
109,0.247300262406076
110,0.299900495834317
111,0.266333264590637
112,0.248545799767907
113,0.284905611668657
114,0.288067023926334
115,0.355505697154764
116,0.288067023926334
117,0.341223453913019
118,0.31345467365916
119,0.294344830141148
120,0.293957121563617
121,0.294344830141148
122,0.299170101015813
123,0.374417829448298
124,0.296112332372382
125,0.304100048184327
126,0.304873582972535
127,0.299170101015813
128,0.311204495509999
129,0.304100048184327
130,0.336229696892186
131,0.288067023926334
132,0.265727727024284
133,0.294344830141148
134,0.381855125926926
135,0.29018652029685
136,0.349068029837756
137,0.223766593131942
138,0.320247701257271
139,0.312454279583686
140,0.239701811922871
141,0.296112332372382
142,0.28379011329831
143,0.304100048184327
144,0.304873582972535
145,0.400190366380216
146,0.287772774506408
147,0.277555906718383
148,0.266333264590637
149,0.431924479725381
150,0.319532033934381
151,0.36286845773794
152,0.311204495509999
153,0.298809596483731
154,0.319678405839992
155,0.28379011329831
156,0.295693887819011
157,0.293237085243663
158,0.331923661348396
159,0.310464399339039
160,0.265727727024284
161,0.381855125926926
162,0.308865813356595
163,0.339140966996213
164,0.33035414384812
165,0.243366069289898
166,0.292586798356392
167,0.299685817700774
168,0.305549715021841
169,0.319532033934381
170,0.317410762428556
171,0.311087394442295
172,0.333055877788993
173,0.310503226716507
174,0.381855125926926
175,0.244165362889097
176,0.308865813356595
177,0.243366069289898
178,0.317410762428556
179,0.339453592125839
180,0.278585878928241
181,0.31345467365916
182,0.242454407515149
183,0.277163461538462
184,0.29018652029685
185,0.287772774506408
186,0.296185690629818
187,0.242111305368044
188,0.266536142957102
189,0.245650827609503
190,0.245650827609503
191,0.274097968142064
192,0.271729148550577
193,0.299170101015813
194,0.296185690629818
195,0.391271563153885
196,0.287772774506408
197,0.316102791795006
198,0.431924479725381
199,0.242111305368044
200,0.28379011329831
201,0.244165362889097
202,0.299937382032221
203,0.309952554254723
204,0.308336633140625
205,0.304873582972535
206,0.349068029837756
207,0.246044904670556
208,0.244165362889097
209,0.298809596483731
210,0.242111305368044
211,0.308865813356595
212,0.268394219981013
213,0.247498328196413
214,0.29564106814015
215,0.304100048184327
216,0.240747182522194
217,0.296185690629818
218,0.245650827609503
219,0.341223453913019
220,0.293435599877394
221,0.36286845773794
222,0.294644283452209
223,0.310503226716507
224,0.24765589506143
225,0.246390412501912
226,0.317410762428556
227,0.294644283452209
228,0.296185690629818
229,0.297610880450471
230,0.280924148532248
231,0.296112332372382
232,0.341223453913019
233,0.285143596900364
234,0.303215484608242
235,0.31428090349076
236,0.311787444940668
237,0.240747182522194
238,0.274097968142064
239,0.340567442314038
240,0.24765589506143
241,0.312454279583686
242,0.265727727024284
243,0.293907906659292
244,0.310464399339039
245,0.294344830141148
246,0.400190366380216
247,0.383151573967368
248,0.336229696892186
249,0.308865813356595
250,0.293957121563617
251,0.293435599877394
252,0.333055877788993
253,0.303215484608242
254,0.28152773770858
255,0.293957121563617
256,0.294344830141148
257,0.295693887819011
258,0.309952554254723
259,0.320247701257271
260,0.288067023926334
261,0.312802918126332
262,0.294344830141148
263,0.297610880450471
264,0.294644283452209
265,0.304100048184327
266,0.319678405839992
267,0.247300262406076
268,0.285143596900364
269,0.29018652029685
270,0.294821008970956
271,0.31428090349076
272,0.310464399339039
273,0.28152773770858
274,0.349068029837756
275,0.299937382032221
276,0.333055877788993
277,0.277163461538462
278,0.292586798356392
279,0.285143596900364
280,0.246074474040137
281,0.358547256794671
282,0.28300956877444
283,0.310503226716507
284,0.29564106814015
285,0.374417829448298
286,0.24765589506143
287,0.293258416005775
288,0.240866550222894
289,0.295693887819011
290,0.319678405839992
291,0.24765589506143
292,0.29564106814015
293,0.305549715021841
294,0.298809596483731
295,0.296112332372382
296,0.299900495834317
297,0.242454407515149
298,0.268853880043898
299,0.266536142957102
300,0.29564106814015
301,0.294821008970956
302,0.293258416005775
303,0.331923661348396
304,0.245650827609503
305,0.299900495834317
306,0.316102791795006
307,0.336229696892186
308,0.381855125926926
309,0.292586798356392
310,0.299685817700774
311,0.320247701257271
312,0.28152773770858
313,0.319678405839992
314,0.311204495509999
315,0.268394219981013
316,0.317410762428556
317,0.359574199851868
318,0.310503226716507
319,0.316102791795006
320,0.359574199851868
321,0.311204495509999
322,0.296112332372382
323,0.309952554254723
324,0.305549715021841
325,0.240866550222894
326,0.311787444940668
327,0.340567442314038
328,0.287772774506408
329,0.310503226716507
330,0.374417829448298
331,0.400190366380216
332,0.28300956877444
333,0.266536142957102
334,0.358547256794671
335,0.248545799767907
336,0.293907906659292
337,0.308336633140625
338,0.271729148550577
339,0.288067023926334
340,0.303215484608242
341,0.299170101015813
342,0.28379011329831
343,0.36286845773794
344,0.242454407515149
345,0.336229696892186
346,0.293846508724796
347,0.24195525807551
348,0.319532033934381
349,0.24765589506143
350,0.294821008970956
351,0.285143596900364
352,0.287772774506408
353,0.299900495834317
354,0.293435599877394
355,0.296185690629818
356,0.293846508724796
357,0.268394219981013
358,0.358547256794671
359,0.223766593131942
360,0.310464399339039
361,0.320247701257271
362,0.242454407515149
363,0.29564106814015
364,0.293237085243663
365,0.400190366380216
366,0.274097968142064
367,0.33035414384812
368,0.268394219981013
369,0.277163461538462
370,0.299170101015813
371,0.33035414384812
372,0.293907906659292
373,0.243366069289898
374,0.268394219981013
375,0.331923661348396
376,0.245650827609503
377,0.277163461538462
378,0.293258416005775
379,0.391271563153885
380,0.311087394442295
381,0.293258416005775
382,0.242111305368044
383,0.265727727024284
384,0.320247701257271
385,0.304873582972535
386,0.310464399339039
387,0.293907906659292
388,0.247498328196413
389,0.311204495509999
390,0.359574199851868
391,0.266536142957102
392,0.268853880043898
393,0.246390412501912
394,0.294644283452209
395,0.305549715021841
396,0.288067023926334
397,0.31428090349076
398,0.36286845773794
399,0.310464399339039
400,0.293258416005775
401,0.28379011329831
402,0.317410762428556
403,0.385948139001588
404,0.246390412501912
405,0.299170101015813
406,0.277163461538462
407,0.242454407515149
408,0.29018652029685
409,0.311787444940668
410,0.278585878928241
411,0.33035414384812
412,0.305549715021841
413,0.292586798356392
414,0.293846508724796
415,0.355505697154764
416,0.242454407515149
417,0.248545799767907
418,0.28300956877444
419,0.242454407515149
420,0.339453592125839
421,0.333055877788993
422,0.319678405839992
423,0.239701811922871
424,0.274097968142064
425,0.312802918126332
426,0.246074474040137
427,0.29018652029685
428,0.31428090349076
429,0.242454407515149
430,0.308336633140625
431,0.280924148532248
432,0.292586798356392
433,0.288067023926334
434,0.358547256794671
435,0.271729148550577
436,0.293258416005775
437,0.319532033934381
438,0.319678405839992
439,0.285143596900364
440,0.304100048184327
441,0.271729148550577
442,0.359574199851868
443,0.305549715021841
444,0.339453592125839
445,0.341223453913019
446,0.305549715021841
447,0.339140966996213
448,0.293846508724796
449,0.247498328196413
450,0.304100048184327
451,0.293435599877394
452,0.293957121563617
453,0.359574199851868
454,0.247300262406076
455,0.312454279583686
456,0.242111305368044
457,0.341223453913019
458,0.339453592125839
459,0.28300956877444
460,0.311787444940668
461,0.311787444940668
462,0.24765589506143
463,0.28152773770858
464,0.278585878928241
465,0.277163461538462
466,0.277163461538462
467,0.266333264590637
468,0.29564106814015
469,0.294821008970956
470,0.341223453913019
471,0.358547256794671
472,0.239701811922871
473,0.296185690629818
474,0.293907906659292
475,0.293957121563617
476,0.308865813356595
477,0.242454407515149
478,0.431924479725381
479,0.305549715021841
480,0.317410762428556
481,0.29564106814015
482,0.299900495834317
483,0.296112332372382
484,0.296112332372382
485,0.385948139001588
486,0.265727727024284
487,0.292586798356392
488,0.305549715021841
489,0.310503226716507
490,0.293435599877394
491,0.358547256794671
492,0.310202832059884
493,0.311204495509999
494,0.299170101015813
495,0.24195525807551
496,0.28152773770858
497,0.240866550222894
498,0.247498328196413
499,0.294821008970956
500,0.268853880043898
501,0.240747182522194
502,0.336229696892186
503,0.246074474040137
504,0.240747182522194
505,0.296185690629818
506,0.36286845773794
507,0.305549715021841
508,0.299900495834317
509,0.293846508724796
510,0.285143596900364
511,0.268394219981013
512,0.24195525807551
513,0.299170101015813
514,0.304873582972535
515,0.245650827609503
516,0.240866550222894
517,0.400190366380216
518,0.293957121563617
519,0.31428090349076
520,0.349068029837756
521,0.294344830141148
522,0.243366069289898
523,0.246074474040137
524,0.312454279583686
525,0.293957121563617
526,0.277163461538462
527,0.310464399339039
528,0.292586798356392
529,0.374417829448298
530,0.355505697154764
531,0.298809596483731
532,0.339453592125839
533,0.277163461538462
534,0.265727727024284
535,0.298809596483731
536,0.243366069289898
537,0.400190366380216
538,0.28300956877444
539,0.29018652029685
540,0.312454279583686
541,0.242111305368044
542,0.285143596900364
543,0.285143596900364
544,0.358547256794671
545,0.240866550222894
546,0.431924479725381
547,0.288067023926334
548,0.246390412501912
549,0.311204495509999
550,0.277163461538462
551,0.278585878928241
552,0.374417829448298
553,0.277163461538462
554,0.359574199851868
555,0.336229696892186
556,0.302981780503269
557,0.239701811922871
558,0.304873582972535
559,0.302981780503269
560,0.293435599877394
561,0.333055877788993
562,0.317410762428556
563,0.381855125926926
564,0.248545799767907
565,0.287772774506408
566,0.242111305368044
567,0.36286845773794
568,0.383151573967368
569,0.246044904670556
570,0.266536142957102
571,0.292586798356392
572,0.287772774506408
573,0.244165362889097
574,0.248545799767907
575,0.246074474040137
576,0.246044904670556
577,0.297610880450471
578,0.383151573967368
579,0.271729148550577
580,0.266536142957102
581,0.355505697154764
582,0.294344830141148
583,0.302981780503269
584,0.31345467365916
585,0.285143596900364
586,0.292586798356392
587,0.246390412501912
588,0.317410762428556
589,0.391271563153885
590,0.339140966996213
591,0.265727727024284
592,0.339140966996213
593,0.240866550222894
594,0.310464399339039
595,0.265727727024284
596,0.278585878928241
597,0.310503226716507
598,0.246074474040137
599,0.341223453913019
600,0.29564106814015
601,0.319532033934381
602,0.293907906659292
603,0.383151573967368
604,0.311787444940668
605,0.293957121563617
606,0.295693887819011
607,0.246390412501912
608,0.28300956877444
609,0.240866550222894
610,0.278585878928241
611,0.245650827609503
612,0.274097968142064
613,0.29018652029685
614,0.309952554254723
615,0.339140966996213
616,0.381855125926926
617,0.24195525807551
618,0.284905611668657
619,0.359574199851868
620,0.358547256794671
621,0.319678405839992
622,0.294344830141148
623,0.244165362889097
624,0.31428090349076
625,0.340567442314038
626,0.265727727024284
627,0.223766593131942
628,0.266333264590637
629,0.240866550222894
630,0.29564106814015
631,0.285143596900364
632,0.246074474040137
633,0.310202832059884
634,0.304873582972535
635,0.340567442314038
636,0.292586798356392
637,0.340567442314038
638,0.355505697154764
639,0.31345467365916
640,0.305549715021841
641,0.31428090349076
642,0.292586798356392
643,0.383151573967368
644,0.311787444940668
645,0.431924479725381
646,0.383151573967368
647,0.293907906659292
648,0.333055877788993
649,0.431924479725381
650,0.278585878928241
651,0.265727727024284
652,0.400190366380216
653,0.246074474040137
654,0.431924479725381
655,0.28379011329831
656,0.383151573967368
657,0.246074474040137
658,0.297610880450471
659,0.28379011329831
660,0.29018652029685
661,0.294344830141148
662,0.311787444940668
663,0.285143596900364
664,0.278585878928241
665,0.312454279583686
666,0.265727727024284
667,0.284905611668657
668,0.299900495834317
669,0.31345467365916
670,0.265727727024284
671,0.310503226716507
672,0.336229696892186
673,0.277555906718383
674,0.277555906718383
675,0.250010779311561
676,0.278585878928241
677,0.311204495509999
678,0.304100048184327
679,0.243366069289898
680,0.319678405839992
681,0.299900495834317
682,0.374417829448298
683,0.265727727024284
684,0.239701811922871
685,0.311087394442295
686,0.339453592125839
687,0.339453592125839
688,0.316102791795006
689,0.293237085243663
690,0.333055877788993
691,0.280924148532248
692,0.339453592125839
693,0.33035414384812
694,0.431924479725381
695,0.339453592125839
696,0.294344830141148
697,0.299170101015813
698,0.246390412501912
699,0.304873582972535
700,0.293846508724796
701,0.277555906718383
702,0.247498328196413
703,0.299937382032221
704,0.280924148532248
705,0.36286845773794
706,0.391271563153885
707,0.298809596483731
708,0.247300262406076
709,0.320247701257271
710,0.24195525807551
711,0.333055877788993
712,0.240747182522194
713,0.333055877788993
714,0.381855125926926
715,0.284905611668657
716,0.431924479725381
717,0.431924479725381
718,0.265727727024284
719,0.268394219981013
720,0.309952554254723
721,0.296185690629818
722,0.308336633140625
723,0.331923661348396
724,0.293435599877394
725,0.295693887819011
726,0.293907906659292
727,0.308336633140625
728,0.385948139001588
729,0.400190366380216
730,0.381855125926926
731,0.339140966996213
732,0.298809596483731
733,0.244165362889097
734,0.317410762428556
735,0.268394219981013
736,0.294644283452209
737,0.296112332372382
738,0.308336633140625
739,0.305549715021841
740,0.278585878928241
741,0.245650827609503
742,0.268853880043898
743,0.293957121563617
744,0.310202832059884
745,0.391271563153885
746,0.293258416005775
747,0.299900495834317
748,0.297610880450471
749,0.319678405839992
750,0.303215484608242
751,0.295693887819011
752,0.355505697154764
753,0.296185690629818
754,0.312802918126332
755,0.246390412501912
756,0.302981780503269
757,0.355505697154764
758,0.24765589506143
759,0.250010779311561
760,0.311787444940668
761,0.243366069289898
762,0.31428090349076
763,0.248545799767907
764,0.340567442314038
765,0.339453592125839
766,0.244165362889097
767,0.349068029837756
768,0.268394219981013
769,0.312454279583686
770,0.391271563153885
771,0.431924479725381
772,0.294644283452209
773,0.340567442314038
774,0.33035414384812
775,0.309952554254723
776,0.28152773770858
777,0.331923661348396
778,0.247300262406076
779,0.250010779311561
780,0.295693887819011
781,0.304100048184327
782,0.358547256794671
783,0.308336633140625
784,0.28379011329831
785,0.312454279583686
786,0.240866550222894
787,0.245650827609503
788,0.293907906659292
789,0.36286845773794
790,0.340567442314038
791,0.381855125926926
792,0.339453592125839
793,0.310464399339039
794,0.274097968142064
795,0.292586798356392
796,0.339140966996213
797,0.242111305368044
798,0.239701811922871
799,0.284905611668657
800,0.293907906659292
801,0.294344830141148
802,0.297610880450471
803,0.292586798356392
804,0.294344830141148
805,0.248545799767907
806,0.340567442314038
807,0.28379011329831
808,0.242111305368044
809,0.250010779311561
810,0.242111305368044
811,0.310202832059884
812,0.336229696892186
813,0.247300262406076
814,0.308336633140625
815,0.240747182522194
816,0.299170101015813
817,0.305549715021841
818,0.341223453913019
819,0.287772774506408
820,0.308336633140625
821,0.280924148532248
822,0.304100048184327
823,0.299900495834317
824,0.339453592125839
825,0.381855125926926
826,0.299900495834317
827,0.247498328196413
828,0.284905611668657
829,0.28300956877444
830,0.311204495509999
831,0.339453592125839
832,0.265727727024284
833,0.293907906659292
834,0.341223453913019
835,0.36286845773794
836,0.28300956877444
837,0.29564106814015
838,0.310202832059884
839,0.297610880450471
840,0.33035414384812
841,0.31428090349076
842,0.385948139001588
843,0.293907906659292
844,0.24195525807551
845,0.310202832059884
846,0.294344830141148
847,0.246044904670556
848,0.33035414384812
849,0.294821008970956
850,0.266333264590637
851,0.293258416005775
852,0.293258416005775
853,0.312454279583686
854,0.278585878928241
855,0.359574199851868
856,0.31428090349076
857,0.28379011329831
858,0.391271563153885
859,0.266536142957102
860,0.359574199851868
861,0.266333264590637
862,0.295693887819011
863,0.311087394442295
864,0.244165362889097
865,0.310503226716507
866,0.311204495509999
867,0.310503226716507
868,0.250010779311561
869,0.244165362889097
870,0.385948139001588
871,0.309952554254723
872,0.246074474040137
873,0.223766593131942
874,0.317410762428556
875,0.268853880043898
876,0.349068029837756
877,0.240747182522194
878,0.29018652029685
879,0.242454407515149
880,0.296112332372382
881,0.293237085243663
882,0.355505697154764
883,0.310503226716507
884,0.311087394442295
885,0.308865813356595
886,0.240866550222894
887,0.242454407515149
888,0.317410762428556
889,0.339140966996213
890,0.299900495834317
891,0.31428090349076
892,0.247498328196413
893,0.278585878928241
894,0.299937382032221
895,0.431924479725381
896,0.28152773770858
897,0.299900495834317
898,0.431924479725381
899,0.243366069289898
900,0.288067023926334
901,0.28152773770858
902,0.304100048184327
903,0.319678405839992
904,0.24765589506143
905,0.268853880043898
906,0.28300956877444
907,0.349068029837756
908,0.310464399339039
909,0.374417829448298
910,0.24765589506143
911,0.298809596483731
912,0.311787444940668
913,0.271729148550577
914,0.331923661348396
915,0.355505697154764
916,0.24195525807551
917,0.245650827609503
918,0.293258416005775
919,0.296112332372382
920,0.31345467365916
921,0.285143596900364
922,0.359574199851868
923,0.246074474040137
924,0.349068029837756
925,0.341223453913019
926,0.309952554254723
927,0.303215484608242
928,0.299900495834317
929,0.296185690629818
930,0.271729148550577
931,0.284905611668657
932,0.245650827609503
933,0.359574199851868
934,0.265727727024284
935,0.299900495834317
936,0.400190366380216
937,0.333055877788993
938,0.299900495834317
939,0.33035414384812
940,0.293237085243663
941,0.29018652029685
942,0.246390412501912
943,0.31428090349076
944,0.305549715021841
945,0.240866550222894
946,0.294644283452209
947,0.244165362889097
948,0.400190366380216
949,0.288067023926334
950,0.339453592125839
951,0.296112332372382
952,0.374417829448298
953,0.293258416005775
954,0.358547256794671
955,0.29018652029685
956,0.336229696892186
957,0.349068029837756
958,0.336229696892186
959,0.247300262406076
960,0.33035414384812
961,0.381855125926926
962,0.308865813356595
963,0.358547256794671
964,0.310464399339039
965,0.303215484608242
966,0.274097968142064
967,0.381855125926926
968,0.311204495509999
969,0.293907906659292
970,0.240747182522194
971,0.288067023926334
972,0.292586798356392
973,0.304873582972535
974,0.333055877788993
975,0.293846508724796
976,0.24765589506143
977,0.340567442314038
978,0.28152773770858
979,0.29564106814015
980,0.284905611668657
981,0.246044904670556
982,0.311787444940668
983,0.288067023926334
984,0.331923661348396
985,0.319532033934381
986,0.310202832059884
987,0.374417829448298
988,0.383151573967368
989,0.28300956877444
990,0.250010779311561
991,0.277163461538462
992,0.309952554254723
993,0.319678405839992
994,0.299170101015813
995,0.381855125926926
996,0.285143596900364
997,0.383151573967368
998,0.271729148550577
999,0.239701811922871
1000,0.31428090349076
