age,year,unit,season,area,iter,catch,annual_catch,prop
all,1989,unique,1,unique,1,1317.93650245,5354.25774052104,0.246147377716962
all,1990,unique,1,unique,1,2300.35774114,5819.0620048319,0.3953141828064182
all,1991,unique,1,unique,1,1049.149488665,5717.35493227429,0.18350259885783615
all,1992,unique,1,unique,1,1125.130473594,2996.708259238761,0.37545545854363926
all,1993,unique,1,unique,1,766.8228018241,1959.95215268319,0.39124567442848723
all,1994,unique,1,unique,1,689.675192851,3035.45416436282,0.22720659100967566
all,1995,unique,1,unique,1,185.36545318700001,570.61281641696,0.32485329430727194
all,1996,unique,1,unique,1,41.0429716034,1831.4116075687,0.022410566490777467
all,1997,unique,1,unique,1,907.840355891,4613.2148935954,0.19679125660314875
all,1998,unique,1,unique,1,1781.4229020299997,9582.3044508182,0.18590756651213375
all,1999,unique,1,unique,1,1638.3275967091,5940.54712157667,0.2757873244971878
all,2000,unique,1,unique,1,412.156023668,2353.44272180984,0.17512898013130507
all,2001,unique,1,unique,1,1045.5693900207,8636.645864893999,0.12106197317533902
all,2002,unique,1,unique,1,1771.897683015,8244.2603946235,0.21492500214701424
all,2003,unique,1,unique,1,1027.3501028346,4947.80542317704,0.20763753118143582
all,2004,unique,1,unique,1,1384.2334921479003,5581.18600078168,0.24801780337620527
all,2005,unique,1,unique,1,1398.098395574,4440.810343290308,0.31482956656467204
all,2006,unique,1,unique,1,1296.898926154,4389.0971240688,0.2954819384246715
all,2007,unique,1,unique,1,1581.1021420631998,5616.2495805237395,0.28152277055959385
all,2008,unique,1,unique,1,612.7767741074,3219.6255143574003,0.19032548082838233
all,2009,unique,1,unique,1,533.4636617018999,2954.9178119195,0.1805341791741289
all,2010,unique,1,unique,1,66.81654007292,2927.42776950494,0.022824317227891643
all,2011,unique,1,unique,1,1326.1977412883,6291.309371332501,0.21079836692364265
all,2012,unique,1,unique,1,1158.8997033668,4838.210040570251,0.2395306722215407
all,2013,unique,1,unique,1,434.4660017414,5231.46475910655,0.08304863393853766
all,2014,unique,1,unique,1,1754.3436436381,9046.23872120906,0.1939307260955884
all,2015,unique,1,unique,1,1470.6406463207002,6950.09178065204,0.2116001763336035
all,2016,unique,1,unique,1,1351.9364022529999,6741.82823483759,0.20052964198450363
all,2017,unique,1,unique,1,1051.179588813,4610.87084489,0.22797853684797317
all,2018,unique,1,unique,1,235.8259162591,4498.80198202892,0.05241971467095882
all,2019,unique,1,unique,1,322.2810940048,4813.5723841272,0.06695258080412896
all,2020,unique,1,unique,1,1286.4896560613,7317.353837816299,0.17581350916948743
all,2021,unique,1,unique,1,644.266222646,7561.5908241121,0.08520247096571128
all,2022,unique,1,unique,1,531.8267154485,6615.1194403009,0.08039563310202437
all,2023,unique,1,unique,1,933.0008982121999,7469.54604879865,0.12490730924167169
all,2024,unique,1,unique,1,1316.0017949986,8291.057281889473,0.15872544963272678
all,1989,unique,2,unique,1,2588.65756898,5354.25774052104,0.4834764582565817
all,1990,unique,2,unique,1,1571.0104033296,5819.0620048319,0.26997657045501494
all,1991,unique,2,unique,1,3692.7116170632003,5717.35493227429,0.645877623622413
all,1992,unique,2,unique,1,1368.1524542,2996.708259238761,0.4565517680882106
all,1993,unique,2,unique,1,921.2090549518,1959.95215268319,0.4700160938575248
all,1994,unique,2,unique,1,2055.267424358,3035.45416436282,0.6770872868012575
all,1995,unique,2,unique,1,79.89177524054,570.61281641696,0.14001048161203802
all,1996,unique,2,unique,1,807.19483053,1831.4116075687,0.4407500898182008
all,1997,unique,2,unique,1,1110.0505586118,4613.2148935954,0.24062407327976437
all,1998,unique,2,unique,1,2175.553842247,9582.3044508182,0.2270386892227409
all,1999,unique,2,unique,1,1994.929228887,5940.54712157667,0.33581574021039484
all,2000,unique,2,unique,1,667.864756683,2353.44272180984,0.28378203152928233
all,2001,unique,2,unique,1,3226.8066535479998,8636.645864893999,0.3736180345965365
all,2002,unique,2,unique,1,2957.3690120814,8244.2603946235,0.3587185351411329
all,2003,unique,2,unique,1,2538.9672185367,4947.80542317704,0.5131501749529999
all,2004,unique,2,unique,1,1976.4154317218001,5581.18600078168,0.354121047290843
all,2005,unique,2,unique,1,2252.4319920466,4440.810343290308,0.5072119315903314
all,2006,unique,2,unique,1,2657.2765106654,4389.0971240688,0.6054266824248445
all,2007,unique,2,unique,1,2251.4691595904,5616.2495805237395,0.4008848124196861
all,2008,unique,2,unique,1,1120.8578120226002,3219.6255143574003,0.3481329760322484
all,2009,unique,2,unique,1,1280.060240459,2954.9178119195,0.4331965631313039
all,2010,unique,2,unique,1,1708.6856109399998,2927.42776950494,0.5836815612461574
all,2011,unique,2,unique,1,2342.5488172043,6291.309371332501,0.37234678489640827
all,2012,unique,2,unique,1,2433.3586302356002,4838.210040570251,0.5029460502605204
all,2013,unique,2,unique,1,1837.2672490732,5231.46475910655,0.3511955702033584
all,2014,unique,2,unique,1,3553.245596412,9046.23872120906,0.39278706940171226
all,2015,unique,2,unique,1,2424.7813985328,6950.09178065204,0.34888480254073895
all,2016,unique,2,unique,1,2267.3439138999997,6741.82823483759,0.33630994960443694
all,2017,unique,2,unique,1,2212.8229066404997,4610.87084489,0.4799143114348696
all,2018,unique,2,unique,1,2391.2419101936,4498.80198202892,0.5315285980013663
all,2019,unique,2,unique,1,1620.6056348588,4813.5723841272,0.33667420068362575
all,2020,unique,2,unique,1,2314.52612816,7317.353837816299,0.31630643801840785
all,2021,unique,2,unique,1,3500.0506684510997,7561.5908241121,0.46287226456240893
all,2022,unique,2,unique,1,2682.1836546960003,6615.1194403009,0.40546261921674337
all,2023,unique,2,unique,1,3626.3165201271,7469.54604879865,0.48548017462323984
all,2024,unique,2,unique,1,3844.996275912,8291.057281889473,0.4637522266684609
all,1989,unique,3,unique,1,1336.2535148552001,5354.25774052104,0.24956839577266315
all,1990,unique,3,unique,1,1182.2196907254,5819.0620048319,0.2031632743806021
all,1991,unique,3,unique,1,701.6176465737,5717.35493227429,0.12271717514214314
all,1992,unique,3,unique,1,499.6053428716,2996.708259238761,0.1667180451521538
all,1993,unique,3,unique,1,166.86716557123998,1959.95215268319,0.0851383873544043
all,1994,unique,3,unique,1,210.04177402719998,3035.45416436282,0.06919616065798523
all,1995,unique,3,unique,1,147.93268531232,570.61281641696,0.2592523004324217
all,1996,unique,3,unique,1,585.5660758233,1831.4116075687,0.3197348282621575
all,1997,unique,3,unique,1,2006.9306816824,4613.2148935954,0.43503949587708435
all,1998,unique,3,unique,1,2909.4162952720003,9582.3044508182,0.30362386315366713
all,1999,unique,3,unique,1,1615.9113109959999,5940.54712157667,0.2720138865874569
all,2000,unique,3,unique,1,673.1861813898,2353.44272180984,0.2860431550558867
all,2001,unique,3,unique,1,3275.3619678723,8636.645864893999,0.37924004516451243
all,2002,unique,3,unique,1,2698.9797640648,8244.2603946235,0.3273768215551442
all,2003,unique,3,unique,1,965.3442234191,4947.80542317704,0.19510553484927504
all,2004,unique,3,unique,1,1521.8811200104,5581.18600078168,0.2726805950916617
all,2005,unique,3,unique,1,705.4997533996,4440.810343290308,0.15886734601615016
all,2006,unique,3,unique,1,415.79929607781,4389.0971240688,0.0947345853427718
all,2007,unique,3,unique,1,1422.7127463376,5616.2495805237395,0.25332078390378904
all,2008,unique,3,unique,1,910.2746764134,3219.6255143574003,0.28272687999091106
all,2009,unique,3,unique,1,1015.5369095826001,2954.9178119195,0.3436768716497439
all,2010,unique,3,unique,1,919.887751978,2927.42776950494,0.3142307255401772
all,2011,unique,3,unique,1,2051.2934143368,6291.309371332501,0.3260519064097997
all,2012,unique,3,unique,1,1219.5689060433501,4838.210040570251,0.2520702689252422
all,2013,unique,3,unique,1,2683.1590173802,5231.46475910655,0.5128886728539179
all,2014,unique,3,unique,1,3299.6759574776,9046.23872120906,0.3647566750301928
all,2015,unique,3,unique,1,1880.4401363389,6950.09178065204,0.27056335307308443
all,2016,unique,3,unique,1,2253.7692093768,6741.82823483759,0.3342964446543918
all,2017,unique,3,unique,1,1140.4897543430002,4610.87084489,0.24734801574564783
all,2018,unique,3,unique,1,1413.965870482,4498.80198202892,0.31429831233521277
all,2019,unique,3,unique,1,1889.1645898416,4813.5723841272,0.3924662265537209
all,2020,unique,3,unique,1,2603.3084723104,7317.353837816299,0.3557718445780803
all,2021,unique,3,unique,1,2794.3599619478,7561.5908241121,0.3695465712105522
all,2022,unique,3,unique,1,2679.2329909648,6615.1194403009,0.40501657077304876
all,2023,unique,3,unique,1,2287.8286745687,7469.54604879865,0.3062875119347659
all,2024,unique,3,unique,1,2881.059075187,8291.057281889473,0.3474899493795835
all,1989,unique,4,unique,1,111.41015423584,5354.25774052104,0.02080776825379316
all,1990,unique,4,unique,1,765.4741696369,5819.0620048319,0.13154597235796475
all,1991,unique,4,unique,1,273.87617997239,5717.35493227429,0.04790260237760778
all,1992,unique,4,unique,1,3.8199885731609,2996.708259238761,0.0012747282159963323
all,1993,unique,4,unique,1,105.05313033605,1959.95215268319,0.0535998443595837
all,1994,unique,4,unique,1,80.46977312662,3035.45416436282,0.026509961531081663
all,1995,unique,4,unique,1,157.4229026771,570.61281641696,0.27588392364826847
all,1996,unique,4,unique,1,397.607729612,1831.4116075687,0.2171045154288643
all,1997,unique,4,unique,1,588.3932974102,4613.2148935954,0.12754517424000253
all,1998,unique,4,unique,1,2715.9114112692,9582.3044508182,0.2834298811114583
all,1999,unique,4,unique,1,691.37898498457,5940.54712157667,0.11638304870496041
all,2000,unique,4,unique,1,600.2357600690399,2353.44272180984,0.2550458332835259
all,2001,unique,4,unique,1,1088.9078534530001,8636.645864893999,0.12607994706361214
all,2002,unique,4,unique,1,816.0139354623,8244.2603946235,0.09897964115670874
all,2003,unique,4,unique,1,416.14387838664,4947.80542317704,0.08410675901628917
all,2004,unique,4,unique,1,698.65595690158,5581.18600078168,0.12518055424129007
all,2005,unique,4,unique,1,84.780202270108,4440.810343290308,0.01909115582884637
all,2006,unique,4,unique,1,19.12239117159,4389.0971240688,0.0043567938077121145
all,2007,unique,4,unique,1,360.96553253253995,5616.2495805237395,0.0642716331169311
all,2008,unique,4,unique,1,575.716251814,3219.6255143574003,0.17881466314845818
all,2009,unique,4,unique,1,125.857000176,2954.9178119195,0.04259238604482333
all,2010,unique,4,unique,1,232.03786651402,2927.42776950494,0.0792633959857736
all,2011,unique,4,unique,1,571.2693985031,6291.309371332501,0.09080294177014935
all,2012,unique,4,unique,1,26.382800924500998,4838.210040570251,0.0054530085926966934
all,2013,unique,4,unique,1,276.57249091175,5231.46475910655,0.052867123004185945
all,2014,unique,4,unique,1,438.97352368136,9046.23872120906,0.04852552947250653
all,2015,unique,4,unique,1,1174.22959945964,6950.09178065204,0.16895166805257308
all,2016,unique,4,unique,1,868.7787093077901,6741.82823483759,0.1288639637566677
all,2017,unique,4,unique,1,206.3785950935,4610.87084489,0.04475913597150941
all,2018,unique,4,unique,1,457.76828509422,4498.80198202892,0.10175337499246201
all,2019,unique,4,unique,1,981.521065422,4813.5723841272,0.20390699195852438
all,2020,unique,4,unique,1,1113.0295812846,7317.353837816299,0.1521082082340245
all,2021,unique,4,unique,1,622.9139710672,7561.5908241121,0.0823786932613276
all,2022,unique,4,unique,1,721.8760791916,6615.1194403009,0.10912517690818356
all,2023,unique,4,unique,1,622.3999558906501,7469.54604879865,0.08332500420032253
all,2024,unique,4,unique,1,249.00013579187203,8291.057281889473,0.030032374319228762
