year,PC1,PC2
1989,-1.2424239091821527,-0.1921591949549497
1990,-0.30742104068207476,2.4894939636597413
1991,-2.26802282796266,-0.7921987928270062
1992,-2.198588632989036,1.0903462387996317
1993,-2.40760000082319,1.6677035189476679
1994,-3.020714301267443,-0.5080854609180427
1995,1.8690623621687656,2.9661721419819536
1996,1.5475374115726521,-1.0511072244630566
1997,1.8288496893741697,0.306975524316641
1998,2.2885986101070275,1.4352956327594422
1999,0.11427492312279534,1.007942198162661
2000,1.773388071756351,1.0470113966151904
2001,1.1823955858937467,-0.6395888100062521
2002,0.42293726880822213,0.18516278483622028
2003,-1.0956812869609938,-0.13526772382847702
2004,0.19921100372071537,0.7590898119865316
2005,-2.1235412729737058,0.527534249427498
2006,-2.960127257513856,0.12076782284495413
2007,-0.6723787764244709,0.6056541964698912
2008,0.8719271741454195,0.5575486444846308
2009,-0.09233588285605887,-0.6979542725056841
2010,-0.10035456409476529,-2.253645283385352
2011,0.3115587282152911,0.0642786203567911
2012,-1.4000462336216124,-0.4018989456222521
2013,1.6590689438318296,-1.618919239798596
2014,0.20117986109410574,-0.4720859585879611
2015,0.6526690965865316,0.7116885468400109
2016,0.8261596475228614,0.28239808501763836
2017,-1.0035701806996413,-0.1982831959099389
2018,0.18515304817993924,-1.7096984566972995
2019,2.169865027909464,-0.5853749772756892
2020,1.2914826484770654,0.21201810183337855
2021,0.5489829828449816,-1.4498776686291115
2022,1.213427091818662,-1.244736848555688
2023,-0.04770880992435145,-1.0255022213650546
2024,-0.21721419917458207,-1.0606972040100635
