period,season,mean_prop,sd_prop,n_years
historical_previous,1,0.22323922437474952,0.09660830294029697,26
historical_previous,2,0.41417018078236567,0.1309222462225006,26
historical_previous,3,0.263459103082766,0.10677431278585449,26
historical_previous,4,0.09913149176011887,0.08318497462278535,26
recent10,1,0.1457852329680524,0.07481975203671515,7
recent10,2,0.40178436640655063,0.08689136731011031,7
recent10,3,0.32632725259295575,0.052701665286788955,7
recent10,4,0.12610314803244124,0.05430608736203787,7
recent3,1,0.12134279732547427,0.03928637611607757,3
recent3,2,0.45156500683614803,0.04137751247644997,3
recent3,3,0.35293134402913273,0.0495889437936763,3
recent3,4,0.07416085180924495,0.040334899555211655,3
