cluster,season,mean_prop,sd_prop,n_years,years
1,1,0.2709015945796894,0.07066158980635596,10,"1989, 1991, 1992, 1993, 1994, 2003, 2005, 2006, 2012, 2017"
1,2,0.5341658381289554,0.07872511438072308,10,"1989, 1991, 1992, 1993, 1994, 2003, 2005, 2006, 2012, 2017"
1,3,0.16414639149584367,0.07050230685844977,10,"1989, 1991, 1992, 1993, 1994, 2003, 2005, 2006, 2012, 2017"
1,4,0.030786175795511638,0.02649444174816341,10,"1989, 1991, 1992, 1993, 1994, 2003, 2005, 2006, 2012, 2017"
2,1,0.23773262304436535,0.06576001588868736,13,"1990, 1995, 1998, 1999, 2000, 2002, 2004, 2007, 2008, 2011, 2015, 2016, 2020"
2,2,0.31479452761333643,0.06988165995230593,13,"1990, 1995, 1998, 1999, 2000, 2002, 2004, 2007, 2008, 2011, 2015, 2016, 2020"
2,3,0.28822193145129976,0.040856038028571746,13,"1990, 1995, 1998, 1999, 2000, 2002, 2004, 2007, 2008, 2011, 2015, 2016, 2020"
2,4,0.1592509178909985,0.0711549912653855,13,"1990, 1995, 1998, 1999, 2000, 2002, 2004, 2007, 2008, 2011, 2015, 2016, 2020"
3,1,0.1068619085478949,0.06110148332261487,13,"1996, 1997, 2001, 2009, 2010, 2013, 2014, 2018, 2019, 2021, 2022, 2023, 2024"
3,2,0.42320177272560605,0.08883402057529605,13,"1996, 1997, 2001, 2009, 2010, 2013, 2014, 2018, 2019, 2021, 2022, 2023, 2024"
3,3,0.3695901889665131,0.05808575678396352,13,"1996, 1997, 2001, 2009, 2010, 2013, 2014, 2018, 2019, 2021, 2022, 2023, 2024"
3,4,0.10034612975998594,0.05781768843524511,13,"1996, 1997, 2001, 2009, 2010, 2013, 2014, 2018, 2019, 2021, 2022, 2023, 2024"
