"scenario_number","scenario_id","Fcap","Besc","Blim","Bpa","horizon","first_year","last_year","max_P_Blim","n_years_P_Blim_gt_5","P_ever_Blim","max_P_Bpa","n_years_P_Bpa_gt_5","P_ever_Bpa","min_SSB","mean_P_closed","max_P_closed","P_ever_closed","mean_years_closed","median_years_closed","mean_catch","median_catch","p05_catch","p95_catch","mean_catch_open","median_mean_catch_open","p05_mean_catch_open","p95_mean_catch_open","median_mean_SSB_open","p05_mean_SSB_open","p95_mean_SSB_open","mean_IAV","median_IAV","p05_IAV","p95_IAV"
1,"Fcap_1.00_Besc_5000_sigmaR_0.216_SE_reference_AE_historical",1,5000,4721,6561,"Short",2025,2034,0,0,0,0.001,0,0.003,6137.01340529812,0.1338,0.161,0.627,1.338,1,4907.61382582182,4906.88891316716,2876.75604846926,6920.71762708606,5719.732356766,5551.36733577987,4340.12552550792,7341.36257879133,13849.3573702442,11729.742951999,17072.8612851581,0.640675828888457,0.565006780775112,0.128288031285164,1.48606111798175
1,"Fcap_1.00_Besc_5000_sigmaR_0.216_SE_reference_AE_historical",1,5000,4721,6561,"Medium",2035,2044,0,0,0,0.001,0,0.002,5875.51114342794,0.1371,0.148,0.615,1.371,1,4815.62668269531,4824.46006792106,3108.02102765793,6791.6540158468,5617.97719241877,5465.80591605535,4320.87591598682,7338.36152416213,13767.6356351374,11689.7294905322,16913.6231597929,0.638039148479446,0.563442006494006,0.125908896450811,1.45756448438876
1,"Fcap_1.00_Besc_5000_sigmaR_0.216_SE_reference_AE_historical",1,5000,4721,6561,"Long",2045,2054,0,0,0,0.001,0,0.002,5491.86945935621,0.1328,0.148,0.596,1.328,1,4873.94932056617,4852.29470003123,2954.10130666139,6901.3847031196,5693.05187086314,5522.33032941873,4289.43051586066,7507.28053241863,13841.2932204093,11758.3839262951,17322.9003502811,0.620426656420036,0.556656486510004,0.1266786225706,1.47210624754951
1,"Fcap_1.00_Besc_5000_sigmaR_0.216_SE_reference_AE_historical",1,5000,4721,6561,"Full",2025,2054,0,0,0,0.001,0,0.007,5491.86945935621,0.134566666666667,0.161,0.836,4.037,3,4865.72994302777,4812.40716511886,3272.30877132177,6685.81518219568,5662.98859231274,5508.86510700169,4436.66574828155,7205.21656482168,13797.1831542444,12130.3462792999,16760.9610262351,0.632523552413592,0.542211087153748,0.169584448189348,1.36033855636015
2,"Fcap_1.00_Besc_6561_sigmaR_0.216_SE_reference_AE_historical",1,6561,4721,6561,"Short",2025,2034,0,0,0,0.001,0,0.001,5409.15142381836,0.3946,0.468,0.954,3.946,4,3809.212437319,3722.13773076238,1539.97811358125,6361.18917107467,6646.15270429926,6227.25761008633,4595.23893316686,10476.1078148227,15312.7310973862,13151.5362226196,18458.6537053938,1.09610704920548,1.14313409821186,0.226659799127568,1.77777777777778
2,"Fcap_1.00_Besc_6561_sigmaR_0.216_SE_reference_AE_historical",1,6561,4721,6561,"Medium",2035,2044,0,0,0,0.001,0,0.002,5329.25602637134,0.3855,0.403,0.951,3.855,4,3807.43850948454,3745.31106813381,1689.95730485333,6132.48298772944,6611.64553749482,6091.75924568444,4575.0125166237,10726.6454179608,15307.3742449545,13237.0192311114,18593.3868775416,1.08786321421487,1.14843607811638,0.222222222222222,1.77777777777778
2,"Fcap_1.00_Besc_6561_sigmaR_0.216_SE_reference_AE_historical",1,6561,4721,6561,"Long",2045,2054,0,0,0,0,0,0,6709.42518633294,0.3808,0.399,0.95,3.808,4,3889.687587534,3831.69286931903,1591.68124514585,6274.4251685593,6749.39314164345,6183.73152479757,4675.91640834089,11185.2568216844,15369.7606940749,13137.2928884806,18978.5460298961,1.06301360098766,1.11727422688164,0.222222222222222,1.77777777777778
2,"Fcap_1.00_Besc_6561_sigmaR_0.216_SE_reference_AE_historical",1,6561,4721,6561,"Full",2025,2054,0,0,0,0.001,0,0.003,5329.25602637134,0.386966666666667,0.468,0.995,11.609,11,3835.44617811251,3742.06185076154,1917.20172582969,6010.44770333545,6608.61682350056,6199.74809992557,4925.25515530958,9932.53436160192,15353.1567809685,13561.7982839873,18303.5782499166,1.08458616601725,1.13311112981706,0.438177549057561,1.55787377296002
3,"Fcap_1.00_Besc_7250_sigmaR_0.216_SE_reference_AE_historical",1,7250,4721,6561,"Short",2025,2034,0,0,0,0.003,0,0.006,4955.9644722203,0.516,0.681,0.982,5.16,5,3275.26779230443,3181.52712348587,764.451552269851,5810.31415246983,7365.45382418666,6832.27941731322,4736.24358555622,12331.2179804848,16007.1540930558,13694.7765670878,19457.6706479388,1.12741761139136,1.17118265965589,0.216141223090282,1.77777777777778
3,"Fcap_1.00_Besc_7250_sigmaR_0.216_SE_reference_AE_historical",1,7250,4721,6561,"Medium",2035,2044,0,0,0,0.001,0,0.005,5382.627757096,0.5019,0.526,0.988,5.019,5,3325.78413089361,3307.44604105769,935.330531156517,5598.20436764265,7327.32256273612,6562.05675217188,4623.57955820437,13703.8484564467,16071.8085267675,13766.1737787546,19598.1242995354,1.13384762041913,1.15128676883397,0.222222222222222,1.77942685718791
3,"Fcap_1.00_Besc_7250_sigmaR_0.216_SE_reference_AE_historical",1,7250,4721,6561,"Long",2045,2054,0,0,0,0.003,0,0.01,4798.03383769419,0.4974,0.527,0.982,4.974,5,3423.33806102084,3427.96250085826,1197.56258443904,5804.13278868248,7508.02717360028,6744.45314675805,4734.21887527333,14003.5109912623,16101.6255037113,13756.7075013561,20000.5054150649,1.12841123211101,1.15608897243558,0.239738672739798,1.77777777777778
3,"Fcap_1.00_Besc_7250_sigmaR_0.216_SE_reference_AE_historical",1,7250,4721,6561,"Full",2025,2054,0,0,0,0.003,0,0.02,4798.03383769419,0.5051,0.681,1,15.153,15,3341.46332807296,3268.37586489261,1295.74322701559,5570.53747090246,7377.13942986454,6833.68130208439,5122.43880923706,12150.2393355212,16147.4470303315,14198.861906107,19540.6334811779,1.13187542562726,1.18826035816952,0.413793103448276,1.5878837351132
4,"Fcap_1.00_Besc_8000_sigmaR_0.216_SE_reference_AE_historical",1,8000,4721,6561,"Short",2025,2034,0,0,0,0.004,0,0.006,5402.86203313299,0.6389,0.824,0.998,6.389,6,2721.13223625583,2675.82015038626,0,5314.05761492639,8449.77348909498,7476.10235062557,4874.91629773828,15550.7809294618,16855.4640119285,14294.510005916,20348.2010249172,1.03627562779428,1.11111111111111,0,1.77777777777778
4,"Fcap_1.00_Besc_8000_sigmaR_0.216_SE_reference_AE_historical",1,8000,4721,6561,"Medium",2035,2044,0,0,0,0.001,0,0.006,5748.2470394735,0.6264,0.654,0.998,6.264,6,2828.0617044785,2871.73931312135,0,5126.75669202324,8546.11069071366,7681.1512433342,4953.60235406591,15281.6644577891,16865.1661527924,14446.7739195849,20408.8275034163,1.02439874952147,1.11111111111111,0,1.77777777777778
4,"Fcap_1.00_Besc_8000_sigmaR_0.216_SE_reference_AE_historical",1,8000,4721,6561,"Long",2045,2054,0,0,0,0.002,0,0.007,4859.86121387349,0.6147,0.64,0.998,6.147,6,2927.54229049336,2986.6408971302,0,5362.44615678159,8593.01760004487,7625.28537961333,4957.34443927789,15238.2346862073,16985.7400453958,14508.4866174127,20633.6096893716,1.03999787145336,1.11111111111111,0,1.77777777777778
4,"Fcap_1.00_Besc_8000_sigmaR_0.216_SE_reference_AE_historical",1,8000,4721,6561,"Full",2025,2054,0,0,0,0.004,0,0.019,4859.86121387349,0.626666666666667,0.824,1,18.8,19,2825.57874374256,2791.31113872072,528.17007856068,5019.54755422264,8446.99182719701,7722.84461015342,5554.8967809951,13986.7229951067,17001.3488266782,14941.4534770601,20716.4185389436,1.03495773042071,1.12378724287427,0.137931034482759,1.53096385161096
5,"Fcap_1.25_Besc_5000_sigmaR_0.216_SE_reference_AE_historical",1.25,5000,4721,6561,"Short",2025,2034,0,0,0,0.002,0,0.005,5782.62889044181,0.1623,0.183,0.707,1.623,1,5434.13572929004,5387.17967766099,3217.55134402814,7734.73414171615,6568.01102570261,6367.1834450376,4962.77125277639,8559.80246975744,13563.7715160589,11517.5041899997,16745.2250688027,0.753315966467865,0.648871214894723,0.144427422423625,1.5854578053247
5,"Fcap_1.25_Besc_5000_sigmaR_0.216_SE_reference_AE_historical",1.25,5000,4721,6561,"Medium",2035,2044,0,0,0,0.001,0,0.003,5636.27637277132,0.1708,0.185,0.708,1.708,1,5297.83960866078,5285.92673275421,3339.31519630397,7539.89285463028,6453.93841774259,6277.17407472552,4958.9786578291,8396.38344366678,13550.6762161107,11440.1557788487,16477.8408608367,0.766418781973216,0.678014862445007,0.138231937419609,1.59012808553399
5,"Fcap_1.25_Besc_5000_sigmaR_0.216_SE_reference_AE_historical",1.25,5000,4721,6561,"Long",2045,2054,0,0,0,0.003,0,0.004,4853.70072343549,0.1654,0.191,0.682,1.654,1,5368.25529030354,5309.84971962908,3152.513028842,7668.57424239835,6530.96653649876,6336.86058715289,4881.96430811045,8506.06794492889,13497.7532807962,11492.0487784158,16846.4988222624,0.744259919614572,0.656791432861189,0.134978730602535,1.59040802715574
5,"Fcap_1.25_Besc_5000_sigmaR_0.216_SE_reference_AE_historical",1.25,5000,4721,6561,"Full",2025,2054,0,0,0,0.003,0,0.012,4853.70072343549,0.166166666666667,0.191,0.892,4.985,4,5366.74354275145,5303.40244647026,3536.60454577503,7416.08578867719,6497.89702956948,6312.84025916574,5137.48312441024,8239.704564933,13554.8383832554,11943.8084020094,16345.9376579882,0.75410988138898,0.693733486887547,0.193820036357262,1.45630198825781
6,"Fcap_1.25_Besc_6561_sigmaR_0.216_SE_reference_AE_historical",1.25,6561,4721,6561,"Short",2025,2034,0.001,0,0.001,0.003,0,0.007,4474.92819232552,0.4264,0.468,0.976,4.264,4,4199.35966309839,4116.18079105193,1695.50464593263,6992.32376974683,7737.48451360735,7212.91230671302,5264.90749144496,11929.9950934078,15120.5298523376,12962.2475140593,18230.0742809656,1.20615198212667,1.33085341833048,0.432086866894543,1.79743049973806
6,"Fcap_1.25_Besc_6561_sigmaR_0.216_SE_reference_AE_historical",1.25,6561,4721,6561,"Medium",2035,2044,0.001,0,0.001,0.002,0,0.009,4568.71047235728,0.4297,0.444,0.977,4.297,4,4183.89737699541,4126.08144570443,1820.48389824001,6641.10917906212,7859.60673685553,7214.90281060684,5412.81724051458,13005.2543809909,15128.8130087221,13012.3655319327,18374.4453403408,1.2009047692138,1.28755906086432,0.363409899234445,1.79625455750431
6,"Fcap_1.25_Besc_6561_sigmaR_0.216_SE_reference_AE_historical",1.25,6561,4721,6561,"Long",2045,2054,0,0,0,0.003,0,0.01,5290.81827597608,0.4184,0.444,0.974,4.184,4,4290.65627273005,4236.66736997471,1824.75366533088,6852.88624048669,7947.53041804405,7238.33387694409,5459.34093165118,13528.5718858005,15203.1990081911,12958.5581623006,18579.6793111277,1.16958900882349,1.20810177687687,0.371388860812272,1.78205922176596
6,"Fcap_1.25_Besc_6561_sigmaR_0.216_SE_reference_AE_historical",1.25,6561,4721,6561,"Full",2025,2054,0.001,0,0.002,0.003,0,0.025,4474.92819232552,0.424833333333333,0.468,0.999,12.745,12,4224.63777094128,4146.36966231971,2210.06680071713,6585.86758186874,7764.76985125411,7274.128981159,5685.05435451594,11381.5038187918,15178.1952079594,13395.0151859701,18076.3248598079,1.19526760600776,1.24724778803275,0.551724137931034,1.6262076637042
7,"Fcap_1.25_Besc_7250_sigmaR_0.216_SE_reference_AE_historical",1.25,7250,4721,6561,"Short",2025,2034,0.001,0,0.001,0.004,0,0.013,4459.11907754237,0.5407,0.681,0.991,5.407,5,3632.89185129191,3536.56256604608,892.920217887111,6513.42715115344,8607.69854423242,7955.80725347363,5448.82842650727,14474.8897999796,15805.6862434882,13508.9198707177,19140.1386056895,1.20117691113467,1.33333333333333,0.222222222222222,1.7948871341544
7,"Fcap_1.25_Besc_7250_sigmaR_0.216_SE_reference_AE_historical",1.25,7250,4721,6561,"Medium",2035,2044,0.001,0,0.001,0.005,0,0.017,4613.61192065993,0.5343,0.553,0.996,5.343,5,3708.26363345651,3730.81635902611,981.466758401175,6143.51038276013,8789.25430276514,7898.84797170859,5435.59460985473,16194.1826574846,15872.5807611654,13541.34269103,19184.3311770018,1.19344828320583,1.29115853534855,0.346956863637317,1.79101340978665
7,"Fcap_1.25_Besc_7250_sigmaR_0.216_SE_reference_AE_historical",1.25,7250,4721,6561,"Long",2045,2054,0.001,0,0.002,0.004,0,0.023,4124.01526954637,0.5266,0.561,0.994,5.266,5,3807.40606209098,3791.4881757093,1401.43792497977,6395.34893258815,8888.60008983702,7972.07752395747,5665.62175886393,16706.6440813806,15848.8316419895,13620.126786391,19511.2536633661,1.20082839656142,1.33333333333333,0.444444444444444,1.79154672580651
7,"Fcap_1.25_Besc_7250_sigmaR_0.216_SE_reference_AE_historical",1.25,7250,4721,6561,"Full",2025,2054,0.001,0,0.004,0.005,0,0.051,4124.01526954637,0.533866666666667,0.681,1,16.016,16,3716.1871822798,3650.7387386543,1451.09334558619,6109.76149379296,8731.31868001114,8029.76702019167,6070.10173090631,14450.7942755974,15918.1884419922,14005.0403040884,19244.3461628743,1.19936101033707,1.27402577667027,0.413793103448276,1.63894317678265
8,"Fcap_1.25_Besc_8000_sigmaR_0.216_SE_reference_AE_historical",1.25,8000,4721,6561,"Short",2025,2034,0.001,0,0.001,0.004,0,0.01,4467.31529484765,0.6513,0.824,1,6.513,7,3032.43116629447,3002.32871867108,0,5771.67951800774,9746.22208914832,8679.62595053106,5519.06060115866,17905.3945306428,16631.966434711,14140.1310936811,20180.9274742459,1.07178806768617,1.11641363665496,0,1.78240365986825
8,"Fcap_1.25_Besc_8000_sigmaR_0.216_SE_reference_AE_historical",1.25,8000,4721,6561,"Medium",2035,2044,0,0,0,0.004,0,0.023,5001.00661036802,0.6465,0.679,1,6.465,7,3184.04711909653,3250.58103428423,0,5681.35837138723,10145.865912395,9093.05558257808,5710.88929411326,18169.6976645554,16652.5400431569,14216.8817959914,20268.649171987,1.05420744063141,1.11111111111111,0,1.77777777777778
8,"Fcap_1.25_Besc_8000_sigmaR_0.216_SE_reference_AE_historical",1.25,8000,4721,6561,"Long",2045,2054,0.001,0,0.001,0.004,0,0.021,4098.9518416944,0.6368,0.661,0.999,6.368,6,3284.43705728339,3327.12642417436,0,5755.93511918637,10193.3840162956,9010.13510310445,6035.87456245795,18011.3185690418,16760.9808369565,14239.4763313932,20393.3968256647,1.07732702438251,1.12130346433816,0,1.77777777777778
8,"Fcap_1.25_Besc_8000_sigmaR_0.216_SE_reference_AE_historical",1.25,8000,4721,6561,"Full",2025,2054,0.001,0,0.002,0.004,0,0.052,4098.9518416944,0.644866666666667,0.824,1,19.346,19,3166.97178089146,3140.89976505809,631.607068555743,5482.01491884254,9923.72095222325,9101.66278904881,6503.19579451581,16615.8026706958,16778.9517442506,14741.2288342839,20501.0092363192,1.07055139817167,1.17241379310345,0.137931034482759,1.60629678212724
9,"Fcap_1.50_Besc_5000_sigmaR_0.216_SE_reference_AE_historical",1.5,5000,4721,6561,"Short",2025,2034,0.001,0,0.001,0.003,0,0.01,4708.29602930909,0.1911,0.219,0.791,1.911,2,5831.39930512893,5751.06835482952,3497.92034370338,8388.77911401905,7312.72268666522,7098.76675181922,5504.99165130665,9424.22577476879,13350.6370244077,11382.4608115862,16432.6161916697,0.871747997237697,0.888888888888889,0.160146050367684,1.70526619362553
9,"Fcap_1.50_Besc_5000_sigmaR_0.216_SE_reference_AE_historical",1.5,5000,4721,6561,"Medium",2035,2044,0,0,0,0.002,0,0.007,4952.65669377021,0.1997,0.211,0.791,1.997,2,5661.64301784449,5610.83261937726,3549.30923560503,8133.91927712132,7154.56502963826,6983.39505468416,5462.19261111858,9290.98155853419,13307.9382118334,11291.254964271,16047.4108305912,0.891854119986438,0.908922339644206,0.158366577264431,1.71924067694972
9,"Fcap_1.50_Besc_5000_sigmaR_0.216_SE_reference_AE_historical",1.5,5000,4721,6561,"Long",2045,2054,0.001,0,0.001,0.002,0,0.007,4058.99948358401,0.1968,0.212,0.773,1.968,2,5750.13566882424,5685.24146726865,3418.22459383139,8291.87096350507,7282.59201238858,7049.5787068658,5562.6548577825,9576.82976233641,13344.6105050151,11383.9409831873,16540.7719254633,0.857057622863925,0.828123447538698,0.151001950044484,1.66094480581058
9,"Fcap_1.50_Besc_5000_sigmaR_0.216_SE_reference_AE_historical",1.5,5000,4721,6561,"Full",2025,2054,0.001,0,0.002,0.003,0,0.024,4058.99948358401,0.195866666666667,0.219,0.943,5.876,5,5747.72599726589,5673.22779176782,3822.54082937661,7990.62882480644,7226.44452345757,6996.77774356052,5695.88307661138,9191.78333442592,13333.9800957509,11745.0120113709,16162.97305587,0.873538267248358,0.841321654193099,0.271331387199594,1.54076865443744
10,"Fcap_1.50_Besc_6561_sigmaR_0.216_SE_reference_AE_historical",1.5,6561,4721,6561,"Short",2025,2034,0.001,0,0.001,0.004,0,0.015,3777.86731439135,0.4502,0.477,0.983,4.502,4,4522.66749339783,4447.76585668871,1858.62070930954,7388.34561091958,8714.84365227744,8177.02923059282,5859.73651482033,13346.1905745095,14965.4161591276,12824.3732564346,18201.7167105803,1.28386304991701,1.35441771698348,0.444444444444444,1.87115650119467
10,"Fcap_1.50_Besc_6561_sigmaR_0.216_SE_reference_AE_historical",1.5,6561,4721,6561,"Medium",2035,2044,0.001,0,0.001,0.004,0,0.017,3847.50353837782,0.4567,0.478,0.991,4.567,5,4515.20908681185,4448.82214858204,2028.29809440323,7065.54057447515,8901.35345458711,8271.76004713268,6123.79555970108,14676.9586897214,14964.1502335567,12792.114652814,18132.9498913284,1.28152084333014,1.33897273689967,0.444444444444444,1.86982713929715
10,"Fcap_1.50_Besc_6561_sigmaR_0.216_SE_reference_AE_historical",1.5,6561,4721,6561,"Long",2045,2054,0.002,0,0.002,0.007,0,0.027,4439.41237726408,0.4497,0.482,0.984,4.497,4,4611.40226966682,4539.62981891375,1997.57130424476,7348.71346057258,9023.47309423467,8300.80163549889,6021.36874770454,15133.3807614236,14989.4247202439,12828.3302348419,18437.3522218565,1.27371697206898,1.34638860155971,0.444444444444444,1.80468794659574
10,"Fcap_1.50_Besc_6561_sigmaR_0.216_SE_reference_AE_historical",1.5,6561,4721,6561,"Full",2025,2054,0.002,0,0.004,0.007,0,0.055,3777.86731439135,0.4522,0.482,1,13.566,13,4549.7596166255,4487.29775134881,2391.13227397737,6995.33618967372,8787.08936178345,8299.0552022383,6524.5249488361,12992.5650101447,15016.011607144,13196.2311423033,17916.637291167,1.28116895954702,1.35496908840272,0.670101102647294,1.70102160767567
11,"Fcap_1.50_Besc_7250_sigmaR_0.216_SE_reference_AE_historical",1.5,7250,4721,6561,"Short",2025,2034,0.002,0,0.004,0.008,0,0.026,3773.77884981448,0.5597,0.681,0.998,5.597,6,3917.25563118378,3858.03364191748,996.543150995135,6870.16401205134,9629.57712808436,8951.18965223575,6045.66370926179,16295.1074063307,15643.0387426117,13443.8930510074,18988.6415134669,1.2551063726545,1.33375018044872,0.433333333333334,1.81896171262718
11,"Fcap_1.50_Besc_7250_sigmaR_0.216_SE_reference_AE_historical",1.5,7250,4721,6561,"Medium",2035,2044,0.001,0,0.002,0.008,0,0.038,3877.78019375223,0.5614,0.581,0.999,5.614,6,4032.18823890848,4094.59807897632,1107.19123683102,6599.44502018945,10120.4264437255,9138.88932692234,6110.29184461096,18431.8732229253,15681.4472529562,13379.2207766551,18947.4169608355,1.24704987326873,1.33333333333333,0.432968859741866,1.84683036464556
11,"Fcap_1.50_Besc_7250_sigmaR_0.216_SE_reference_AE_historical",1.5,7250,4721,6561,"Long",2045,2054,0.003,0,0.009,0.007,0,0.039,3268.93110319059,0.5482,0.587,0.996,5.482,5,4142.25963331298,4114.15269811663,1592.31904568092,6756.3460603121,10153.9406813777,8985.0929154395,6381.35000542724,18974.921266177,15702.840779173,13452.4200721097,19337.507074574,1.25813426201908,1.3337929967616,0.444444444444444,1.80620648398065
11,"Fcap_1.50_Besc_7250_sigmaR_0.216_SE_reference_AE_historical",1.5,7250,4721,6561,"Full",2025,2054,0.003,0,0.014,0.008,0,0.095,3268.93110319059,0.556433333333333,0.681,1,16.693,16,4030.56783446841,3956.81376862612,1581.0264700484,6497.17682798564,9918.06810544718,9158.71596403212,6878.84128831559,16413.848153932,15744.3965155329,13849.887346373,19034.2745400059,1.25348312672973,1.3441388705856,0.413793103448276,1.7081650391513
12,"Fcap_1.50_Besc_8000_sigmaR_0.216_SE_reference_AE_historical",1.5,8000,4721,6561,"Short",2025,2034,0.001,0,0.001,0.006,0,0.026,3774.96599799186,0.6628,0.824,1,6.628,7,3280.44913632,3283.08997834091,0,6198.84564850876,10873.8819170444,9652.25624436406,5927.122212443,20113.3360287317,16448.824976508,13979.2090411474,19817.622139373,1.09575925647534,1.17251068175053,0,1.79911690526435
12,"Fcap_1.50_Besc_8000_sigmaR_0.216_SE_reference_AE_historical",1.5,8000,4721,6561,"Medium",2035,2044,0.001,0,0.002,0.008,0,0.047,4222.28591812062,0.6631,0.689,1,6.631,7,3484.113819314,3613.81806229779,0,6124.24961018583,11600.953116833,10504.6619990459,6330.00159455255,20344.5392702636,16453.4179547875,14026.491297944,20140.0020695501,1.07337301194731,1.11159933565235,0,1.77777777777778
12,"Fcap_1.50_Besc_8000_sigmaR_0.216_SE_reference_AE_historical",1.5,8000,4721,6561,"Long",2045,2054,0.002,0,0.004,0.008,0,0.043,3256.30855206983,0.6533,0.668,1,6.533,7,3584.65038550344,3696.79239151666,0,6335.66113381627,11619.9301243747,10375.0892263207,6456.66755167918,20806.7164266689,16524.4621397223,14078.7973517967,20250.5335840721,1.10347921271565,1.1436396530072,0,1.79748438156607
12,"Fcap_1.50_Besc_8000_sigmaR_0.216_SE_reference_AE_historical",1.5,8000,4721,6561,"Full",2025,2054,0.002,0,0.007,0.008,0,0.112,3256.30855206983,0.659733333333333,0.824,1,19.792,20,3449.73778037915,3494.15943514248,697.440607214083,5908.24847516844,11217.5273149368,10353.596164139,7324.41681339044,18444.7088874451,16559.3934681528,14585.5959506591,20375.2082324048,1.09368780340245,1.18717522632311,0.137931034482759,1.66062392739692
13,"Fcap_1.60_Besc_5000_sigmaR_0.216_SE_reference_AE_historical",1.6,5000,4721,6561,"Short",2025,2034,0.001,0,0.001,0.004,0,0.011,4429.89167864365,0.2035,0.232,0.814,2.035,2,5959.19473054188,5867.39762282271,3620.64121497764,8597.91652289751,7589.17207501188,7356.88550080065,5814.7352257412,9765.22009360758,13317.4613223025,11344.740598352,16362.1767050939,0.916538385394195,0.945576930941186,0.17128441127465,1.77777777777778
13,"Fcap_1.60_Besc_5000_sigmaR_0.216_SE_reference_AE_historical",1.6,5000,4721,6561,"Medium",2035,2044,0,0,0,0.002,0,0.009,4783.45925261808,0.214,0.224,0.813,2.14,2,5784.58857235473,5702.69347129148,3566.00918741554,8285.56330375152,7449.42586419892,7277.5359341545,5692.23088146496,9684.04853931377,13251.0580712313,11239.9961632256,16009.4853024276,0.935962714621258,0.950533938670885,0.169047286321025,1.77777777777778
13,"Fcap_1.60_Besc_5000_sigmaR_0.216_SE_reference_AE_historical",1.6,5000,4721,6561,"Long",2045,2054,0.001,0,0.001,0.003,0,0.01,3778.3848362064,0.2066,0.223,0.802,2.066,2,5879.62013579716,5801.25881165959,3505.09107058127,8474.61994788095,7556.03969857918,7312.56386935359,5728.58238598937,9921.31665921844,13233.0006391248,11312.6610919499,16382.1339814704,0.896828172116461,0.888888888888889,0.162090755300189,1.69048795574363
13,"Fcap_1.60_Besc_5000_sigmaR_0.216_SE_reference_AE_historical",1.6,5000,4721,6561,"Full",2025,2054,0.001,0,0.002,0.004,0,0.03,3778.3848362064,0.208033333333333,0.232,0.953,6.241,5,5874.46781289793,5797.77169937791,3939.73650519188,8187.27225348706,7503.44403147962,7297.04270435379,5948.04121735716,9558.39293588736,13254.9242373425,11713.006708795,16057.8340370314,0.916844406083984,0.899552981579215,0.298751893877203,1.56055982202601
14,"Fcap_1.60_Besc_6561_sigmaR_0.216_SE_reference_AE_historical",1.6,6561,4721,6561,"Short",2025,2034,0.002,0,0.002,0.004,0,0.018,3612.34593396226,0.4587,0.494,0.988,4.587,4,4639.68179493445,4589.88489585782,1926.94547426169,7551.33216587869,9070.29838700149,8532.08814197533,6102.30544133503,13829.5580761244,14911.2511790659,12736.2096232655,18129.7404453537,1.30905507879226,1.36925595991627,0.444444444444444,1.90692618484124
14,"Fcap_1.60_Besc_6561_sigmaR_0.216_SE_reference_AE_historical",1.6,6561,4721,6561,"Medium",2035,2044,0.001,0,0.002,0.005,0,0.024,3533.67854355831,0.4675,0.49,0.995,4.675,5,4634.74407075555,4612.77029131637,2103.98162137993,7233.16421423792,9319.32963966397,8621.38107479721,6445.75709663708,15543.7635302045,14883.2628662374,12716.7340341153,18048.1723972455,1.30998581000525,1.36124348655041,0.444444444444444,1.91460205019987
14,"Fcap_1.60_Besc_6561_sigmaR_0.216_SE_reference_AE_historical",1.6,6561,4721,6561,"Long",2045,2054,0.002,0,0.005,0.007,0,0.036,4123.68929170024,0.4636,0.5,0.989,4.636,4,4734.9644306424,4673.09529866862,2049.62429974572,7444.1700346593,9509.95474818627,8691.71048698075,6468.77691868597,16178.5372070487,14951.764178322,12724.2712137227,18331.6249557413,1.30592281426081,1.37041285801309,0.444444444444444,1.84078968052828
14,"Fcap_1.60_Besc_6561_sigmaR_0.216_SE_reference_AE_historical",1.6,6561,4721,6561,"Full",2025,2054,0.002,0,0.009,0.007,0,0.071,3533.67854355831,0.463266666666667,0.5,1,13.898,13,4669.79676544413,4605.62611860446,2513.5457483392,7120.54308785368,9194.53143209122,8621.71939123399,6831.9665877944,13591.3335316051,14946.2909214187,13145.9099258933,17941.6918352795,1.30947826478068,1.37422985530604,0.688118941292837,1.7183344144123
15,"Fcap_1.60_Besc_7250_sigmaR_0.216_SE_reference_AE_historical",1.6,7250,4721,6561,"Short",2025,2034,0.003,0,0.005,0.01,0,0.032,3607.28376528274,0.5658,0.681,0.999,5.658,6,4020.67116605836,3942.37425835345,1025.20755062786,6986.5247683974,10031.8540022454,9283.53498045843,6337.99316801931,17312.5973552503,15625.4810525296,13384.5923858895,18890.6699683957,1.26783661528718,1.33602292530713,0.433333333333334,1.84300459128087
15,"Fcap_1.60_Besc_7250_sigmaR_0.216_SE_reference_AE_historical",1.6,7250,4721,6561,"Medium",2035,2044,0.001,0,0.005,0.009,0,0.051,3533.43431576627,0.5702,0.599,0.998,5.702,6,4157.2638130981,4186.28140121569,1112.51365820569,6783.31422854715,10661.3034326316,9631.99335623216,6478.2531280669,19439.1413205032,15578.8986257856,13304.8056283251,18924.3372723743,1.26055253340589,1.33333333333333,0.444444444444444,1.89131803940982
15,"Fcap_1.60_Besc_7250_sigmaR_0.216_SE_reference_AE_historical",1.6,7250,4721,6561,"Long",2045,2054,0.003,0,0.014,0.008,0,0.049,2945.84897879816,0.5587,0.599,0.997,5.587,5,4261.68364147412,4257.77845021529,1616.12521744347,6943.76469644801,10664.0015120038,9462.88877376869,6633.20228341357,20007.7923560793,15644.0881420966,13393.7499529337,19261.588382705,1.27722089277898,1.33871599211698,0.444444444444444,1.84817722480584
15,"Fcap_1.60_Besc_7250_sigmaR_0.216_SE_reference_AE_historical",1.6,7250,4721,6561,"Full",2025,2054,0.003,0,0.023,0.01,0,0.119,2945.84897879816,0.5649,0.681,1,16.947,17,4146.53954021019,4085.95448379995,1656.83922146991,6635.11593400488,10389.4058898559,9559.56782999688,7173.58789592995,17405.6594426712,15671.3925791071,13805.787314325,18949.8845309897,1.26940181524099,1.36162814814494,0.413793103448276,1.72518807126456
16,"Fcap_1.60_Besc_8000_sigmaR_0.216_SE_reference_AE_historical",1.6,8000,4721,6561,"Short",2025,2034,0.002,0,0.002,0.007,0,0.034,3608.60472006182,0.668,0.824,1,6.68,7,3367.85641717136,3399.0724859173,0,6315.46564556563,11321.1331300629,10090.6198529726,6252.29425250381,21013.2266707302,16432.6159476622,13912.5266666569,19733.1987247287,1.09858132526363,1.1855791933291,0,1.80453622955283
16,"Fcap_1.60_Besc_8000_sigmaR_0.216_SE_reference_AE_historical",1.6,8000,4721,6561,"Medium",2035,2044,0.002,0,0.009,0.014,0,0.07,3923.68402497001,0.6693,0.701,1,6.693,7,3585.46270202421,3740.33840922804,0,6301.41789001047,12139.6764193366,10965.9447749526,6616.62129290517,21277.6745472949,16381.0366888158,13977.3952108976,19995.5826099896,1.08077392749797,1.12093990310107,0,1.78890214151965
16,"Fcap_1.60_Besc_8000_sigmaR_0.216_SE_reference_AE_historical",1.6,8000,4721,6561,"Long",2045,2054,0.002,0,0.008,0.009,0,0.061,2929.62306042714,0.659,0.679,1,6.59,7,3685.23168799787,3785.54056854829,0,6500.32598043337,12119.1211700275,10785.4686697117,6697.20926032113,21833.3389372001,16407.555484252,14077.9495222311,20122.4995764641,1.11240139090156,1.16282639503124,0,1.79296181906247
16,"Fcap_1.60_Besc_8000_sigmaR_0.216_SE_reference_AE_historical",1.6,8000,4721,6561,"Full",2025,2054,0.002,0,0.019,0.014,0,0.153,2929.62306042714,0.665433333333333,0.824,1,19.963,20,3546.18360239781,3594.31866079456,728.279605943932,6066.65175222765,11708.0623481059,10853.3865765275,7674.54863607596,19257.8423760565,16488.8051528857,14520.3342608693,20262.9922980425,1.09960499626668,1.20029050611226,0.137931034482759,1.68889754160995
17,"Fcap_1.70_Besc_5000_sigmaR_0.216_SE_reference_AE_historical",1.7,5000,4721,6561,"Short",2025,2034,0.001,0,0.001,0.003,0,0.011,4163.443891181,0.2125,0.249,0.828,2.125,2,6075.76743076158,5998.12413466637,3723.27745842002,8798.87805869933,7835.9051483667,7619.70852607076,5967.57595319355,10095.915195524,13221.27196173,11323.8249681566,16319.4845960014,0.956032127901511,0.974316297332298,0.176802581160379,1.77777777777778
17,"Fcap_1.70_Besc_5000_sigmaR_0.216_SE_reference_AE_historical",1.7,5000,4721,6561,"Medium",2035,2044,0.001,0,0.001,0.003,0,0.014,4593.73677162525,0.2277,0.237,0.837,2.277,2,5898.58115142521,5841.09966469687,3662.45728185967,8454.44826857481,7751.10280907044,7541.27219614829,5924.62358295944,10094.4573306571,13188.6894498834,11229.5979624945,16019.702685079,0.981767814164066,0.985816902834355,0.183420450944529,1.78409242939387
17,"Fcap_1.70_Besc_5000_sigmaR_0.216_SE_reference_AE_historical",1.7,5000,4721,6561,"Long",2045,2054,0.001,0,0.001,0.003,0,0.014,3516.26040540961,0.22,0.233,0.832,2.2,2,5988.48923768579,5927.35398659419,3595.95520827768,8661.68181621882,7829.01893345925,7554.24643300441,5903.40255640951,10200.7954979087,13165.4185544589,11216.2693797002,16271.2528312568,0.945517521077469,0.954231433521998,0.171012968603591,1.77777777777778
17,"Fcap_1.70_Besc_5000_sigmaR_0.216_SE_reference_AE_historical",1.7,5000,4721,6561,"Full",2025,2054,0.001,0,0.003,0.003,0,0.038,3516.26040540961,0.220066666666667,0.249,0.964,6.602,6,5987.61260662419,5883.17630375634,4028.07839891267,8340.23908585865,7768.81723299537,7523.88559543666,6163.74669364627,9871.29839915904,13219.5900498293,11654.429439036,15949.9440271808,0.960370945174142,0.941068565708577,0.323873584312333,1.5960902122414
18,"Fcap_1.70_Besc_6561_sigmaR_0.216_SE_reference_AE_historical",1.7,6561,4721,6561,"Short",2025,2034,0.002,0,0.003,0.006,0,0.023,3418.78631635839,0.4659,0.498,0.989,4.659,4,4738.12292661248,4693.55383794659,1978.01025534241,7729.91731445972,9390.45625413664,8809.16774990764,6289.54791577904,14404.5784424519,14850.342461867,12718.0485683036,18050.1463410014,1.33444317262565,1.38765148418346,0.444444444444444,1.96025533165824
18,"Fcap_1.70_Besc_6561_sigmaR_0.216_SE_reference_AE_historical",1.7,6561,4721,6561,"Medium",2035,2044,0.002,0,0.005,0.006,0,0.029,3236.98138732599,0.4742,0.494,0.996,4.742,5,4741.79660332384,4748.69065012209,2176.44606177177,7440.62869356481,9663.93779424596,8934.2112171907,6577.53149236623,16110.1420853037,14816.7874272203,12674.3058297733,17934.326624395,1.33139142236705,1.37052594197245,0.444444444444444,1.8933724085584
18,"Fcap_1.70_Besc_6561_sigmaR_0.216_SE_reference_AE_historical",1.7,6561,4721,6561,"Long",2045,2054,0.002,0,0.006,0.009,0,0.047,3827.60974308153,0.4717,0.515,0.994,4.717,5,4858.50050882837,4821.7572220451,2098.15690303435,7631.24478172869,9914.88581560246,9085.18252211607,6560.52166113335,16665.2390082228,14874.9033488751,12706.9811164826,18169.3963497124,1.3261513081598,1.37868397135876,0.444444444444444,1.86232115805877
18,"Fcap_1.70_Besc_6561_sigmaR_0.216_SE_reference_AE_historical",1.7,6561,4721,6561,"Full",2025,2054,0.002,0,0.014,0.009,0,0.087,3236.98138732599,0.4706,0.515,1,14.118,14,4779.4733462549,4720.11225787528,2513.82164961234,7303.98397910797,9539.46956988834,8932.63705410855,7080.50405379144,13989.3716397347,14904.4690699752,13066.3710474039,17918.9825752341,1.33171494851432,1.40409559274086,0.689655172413793,1.72859696864005
19,"Fcap_1.70_Besc_7250_sigmaR_0.216_SE_reference_AE_historical",1.7,7250,4721,6561,"Short",2025,2034,0.003,0,0.007,0.01,0,0.039,3412.35109372692,0.5713,0.681,0.999,5.713,6,4120.20728181289,4068.14219856947,1039.24003942469,7128.43493994736,10416.8875920203,9702.73626719438,6567.83166824585,17764.7134086709,15555.2408110609,13323.5741177653,18795.522374644,1.27741644690059,1.33761969322494,0.435269854606121,1.88811114213387
19,"Fcap_1.70_Besc_7250_sigmaR_0.216_SE_reference_AE_historical",1.7,7250,4721,6561,"Medium",2035,2044,0.002,0,0.009,0.01,0,0.063,3220.51200667038,0.5748,0.601,0.999,5.748,6,4260.04942526918,4273.74487450202,1128.22714715025,6888.80314189595,11037.0684826114,9914.08485343823,6662.69522538836,20279.8750247703,15530.2208979067,13246.7348970008,18845.2688448571,1.27647427956482,1.33531972280761,0.444444444444444,1.95538456391368
19,"Fcap_1.70_Besc_7250_sigmaR_0.216_SE_reference_AE_historical",1.7,7250,4721,6561,"Long",2045,2054,0.004,0,0.019,0.01,0,0.061,2639.62521520046,0.5642,0.599,0.998,5.642,5,4366.33251851324,4383.22778510177,1585.35674855065,7151.07936645896,11086.925238112,9836.43363885385,6803.17029259387,20740.5235701716,15563.4559869072,13278.999830014,19128.2287147296,1.29450672174921,1.35605541707498,0.444444444444444,1.85090924265287
19,"Fcap_1.70_Besc_7250_sigmaR_0.216_SE_reference_AE_historical",1.7,7250,4721,6561,"Full",2025,2054,0.004,0,0.033,0.01,0,0.145,2639.62521520046,0.5701,0.681,1,17.103,17,4248.86307519844,4206.84169049131,1713.39992406992,6737.78939870859,10769.1488317744,9944.75378573113,7483.91859743752,17981.0913223502,15648.4768743487,13712.0266132018,18861.727217555,1.28410404030886,1.37931034482759,0.413793103448276,1.73505487070383
20,"Fcap_1.70_Besc_8000_sigmaR_0.216_SE_reference_AE_historical",1.7,8000,4721,6561,"Short",2025,2034,0.002,0,0.003,0.01,0,0.045,3413.82484053227,0.6701,0.824,0.999,6.701,7,3450.93329076339,3473.91160913147,0,6462.28786416997,11684.0817654029,10366.1783318144,6252.33123073913,21965.302703023,16370.3309610716,13873.8200326863,19653.6080412685,1.10168037997657,1.20119316903584,0,1.82687828923494
20,"Fcap_1.70_Besc_8000_sigmaR_0.216_SE_reference_AE_historical",1.7,8000,4721,6561,"Medium",2035,2044,0.003,0,0.016,0.017,0,0.089,3642.89910367461,0.6724,0.704,1,6.724,7,3686.51087436947,3830.03989321047,0,6534.5202372842,12593.4239019743,11429.9699294723,6748.68722347771,22406.3661643918,16302.7034864843,13917.7243706153,19895.9449431706,1.08440792933914,1.11111111111111,0,1.79500617407081
20,"Fcap_1.70_Besc_8000_sigmaR_0.216_SE_reference_AE_historical",1.7,8000,4721,6561,"Long",2045,2054,0.003,0,0.015,0.01,0,0.075,2620.75953991395,0.6654,0.687,1,6.654,7,3791.72034629662,3927.77372742421,0,6669.92734351431,12701.7025359326,11480.0643664959,7069.47643317345,22846.150956284,16312.7849728959,13982.5724355716,20030.750884785,1.11477233895025,1.14888544058214,0,1.80564820114844
20,"Fcap_1.70_Besc_8000_sigmaR_0.216_SE_reference_AE_historical",1.7,8000,4721,6561,"Full",2025,2054,0.003,0,0.032,0.017,0,0.188,2620.75953991395,0.6693,0.824,1,20.079,20,3643.05483714316,3689.06777609708,763.298918934213,6234.4920288412,12149.3775043838,11227.9819714855,7939.76808034147,19751.1922694399,16441.0558048253,14434.4630819215,20155.1711892392,1.10259103474991,1.19812537205053,0.137931034482759,1.68359491522646
21,"Fcap_1.75_Besc_5000_sigmaR_0.216_SE_reference_AE_historical",1.75,5000,4721,6561,"Short",2025,2034,0.001,0,0.001,0.004,0,0.013,4024.87908981502,0.2181,0.259,0.838,2.181,2,6130.64197818751,6043.87101365517,3741.07753259747,8887.94989955779,7961.06356307299,7715.8483416945,6049.50701315266,10271.854412621,13200.3616557586,11308.255844834,16212.8044483695,0.979865445784514,0.988901519954368,0.18273134820174,1.78032499834145
21,"Fcap_1.75_Besc_5000_sigmaR_0.216_SE_reference_AE_historical",1.75,5000,4721,6561,"Medium",2035,2044,0.001,0,0.001,0.003,0,0.014,4494.94580389908,0.2318,0.242,0.851,2.318,2,5950.36977726593,5878.97701917256,3705.87557558589,8552.85339555375,7861.03129000362,7638.67929375132,5972.9312338547,10245.9534935621,13154.7970426184,11194.218342332,15958.4865695081,1.00099292974857,0.99808361327009,0.184306614875536,1.78812265928674
21,"Fcap_1.75_Besc_5000_sigmaR_0.216_SE_reference_AE_historical",1.75,5000,4721,6561,"Long",2045,2054,0.001,0,0.001,0.003,0,0.017,3397.04500592599,0.2252,0.239,0.839,2.252,2,6039.43988239166,5983.1713236838,3612.84255403142,8733.33266686652,7946.57679789327,7697.80668825484,5960.83081452926,10458.5187077964,13142.9758584813,11213.5795725759,16249.5264909948,0.969915912900663,0.977191799959693,0.18060258786985,1.78212930357156
21,"Fcap_1.75_Besc_5000_sigmaR_0.216_SE_reference_AE_historical",1.75,5000,4721,6561,"Full",2025,2054,0.001,0,0.003,0.004,0,0.042,3397.04500592599,0.225033333333333,0.259,0.968,6.751,6,6040.15054594837,5938.27761724109,4064.47662119505,8418.84465714141,7887.91157611817,7664.89382506797,6253.45760132943,10077.5005204045,13200.9175253985,11634.3742752727,15912.3874309343,0.982525475740975,0.96181813109332,0.337270663885608,1.6135674076174
22,"Fcap_1.75_Besc_6561_sigmaR_0.216_SE_reference_AE_historical",1.75,6561,4721,6561,"Short",2025,2034,0.002,0,0.003,0.006,0,0.024,3289.93537094254,0.4695,0.506,0.991,4.695,5,4785.70482557861,4741.34588389972,2000.04281881187,7817.96410197509,9545.25082887661,8978.5592854698,6421.9662112692,14611.5864695331,14857.936327309,12694.1501998126,18017.1855417008,1.34821107648726,1.39606364772655,0.444444444444444,1.9654002781163
22,"Fcap_1.75_Besc_6561_sigmaR_0.216_SE_reference_AE_historical",1.75,6561,4721,6561,"Medium",2035,2044,0.002,0,0.005,0.008,0,0.035,3089.54685656654,0.4795,0.493,0.997,4.795,5,4801.68326824005,4805.81262046324,2233.90445520044,7572.12818598759,9898.89435495766,9158.59104032562,6752.70898303954,16360.3610113845,14797.0873213586,12656.9557663782,17917.879574244,1.34317875979138,1.38539935391831,0.444444444444444,1.94180335220199
22,"Fcap_1.75_Besc_6561_sigmaR_0.216_SE_reference_AE_historical",1.75,6561,4721,6561,"Long",2045,2054,0.002,0,0.007,0.01,0,0.052,3710.56075613542,0.4765,0.519,0.993,4.765,5,4917.67344366829,4873.13683410156,2146.92776387433,7697.35228233937,10139.5736000386,9266.81760245225,6733.8341532918,17360.1981956425,14853.0382303417,12699.677517718,18111.23307559,1.33862566293263,1.39269342414045,0.444444444444444,1.88525879956488
22,"Fcap_1.75_Besc_6561_sigmaR_0.216_SE_reference_AE_historical",1.75,6561,4721,6561,"Full",2025,2054,0.002,0,0.015,0.01,0,0.099,3089.54685656654,0.475166666666667,0.519,1,14.255,14,4835.02051249565,4778.11950935422,2542.16272269404,7330.86474433085,9737.39889600969,9096.60784308555,7222.06146483831,14800.2896139149,14873.3927587927,13095.2238697635,17875.368229342,1.34370534803364,1.41576534806881,0.689655172413793,1.73856786741925
23,"Fcap_1.75_Besc_7250_sigmaR_0.216_SE_reference_AE_historical",1.75,7250,4721,6561,"Short",2025,2034,0.003,0,0.009,0.01,0,0.042,3280.90302553078,0.5732,0.681,0.999,5.732,6,4166.00486584119,4116.53266179089,1057.32564920625,7237.68934314797,10580.0703650883,9818.70937622449,6674.49532024147,18118.2797401631,15530.575050561,13322.257778297,18759.6920661642,1.28615732671081,1.33974732714376,0.437263017890158,1.90421253729093
23,"Fcap_1.75_Besc_7250_sigmaR_0.216_SE_reference_AE_historical",1.75,7250,4721,6561,"Medium",2035,2044,0.002,0,0.008,0.011,0,0.07,3073.39440075646,0.5788,0.599,0.999,5.788,6,4307.95126718773,4333.98567009727,1107.15571134709,6997.15164296741,11248.9219629729,10086.7840324661,6739.5121319369,20519.5613771473,15476.846498093,13243.1968982446,18799.2683826595,1.28302092438144,1.34343403880243,0.444444444444444,1.94255109323265
23,"Fcap_1.75_Besc_7250_sigmaR_0.216_SE_reference_AE_historical",1.75,7250,4721,6561,"Long",2045,2054,0.004,0,0.021,0.012,0,0.069,2499.04457386884,0.5671,0.598,1,5.671,6,4424.37242548011,4439.55738897379,1581.19491772281,7239.59919715428,11318.4987026506,10012.3585053647,6970.03854162103,21163.9499575921,15564.9938912235,13250.8724150362,19104.1155848205,1.30086602478491,1.36563962607235,0.444444444444444,1.91252785945473
23,"Fcap_1.75_Besc_7250_sigmaR_0.216_SE_reference_AE_historical",1.75,7250,4721,6561,"Full",2025,2054,0.004,0,0.036,0.012,0,0.161,2499.04457386884,0.573033333333333,0.681,1,17.191,17,4299.44285283635,4274.30967751321,1742.57184687254,6803.96457475269,10967.9412022372,10082.6487138518,7666.84339063952,18215.6383515607,15614.1579950865,13716.4058843585,18839.0450688131,1.29143062943519,1.38654573806932,0.413793103448276,1.74779131460195
24,"Fcap_1.75_Besc_8000_sigmaR_0.216_SE_reference_AE_historical",1.75,8000,4721,6561,"Short",2025,2034,0.002,0,0.004,0.011,0,0.05,3282.80995775703,0.672,0.824,1,6.72,7,3491.91401466974,3513.29139376778,0,6552.86633519591,11881.688208223,10553.6202650215,6325.42923682235,22431.1284425779,16325.320229092,13863.1118550918,19637.8460803153,1.10422637936944,1.20441389298963,0,1.80879042165014
24,"Fcap_1.75_Besc_8000_sigmaR_0.216_SE_reference_AE_historical",1.75,8000,4721,6561,"Medium",2035,2044,0.004,0,0.018,0.018,0,0.093,3501.48212169966,0.6729,0.702,1,6.729,7,3734.96506131479,3879.43361781431,0,6656.30563268661,12798.2328873665,11597.2759697272,6863.41767877132,22809.9567483349,16262.2695904628,13887.0107502987,19848.9042052179,1.08431835293644,1.11111111111111,0,1.79146166273609
24,"Fcap_1.75_Besc_8000_sigmaR_0.216_SE_reference_AE_historical",1.75,8000,4721,6561,"Long",2045,2054,0.003,0,0.019,0.013,0,0.089,2477.52489984157,0.6665,0.684,1,6.665,7,3838.75412855224,3975.43877352355,0,6725.43490334951,12912.0596303597,11559.4751307446,6999.54413755386,23301.6819856001,16290.5846665954,13898.3207969555,20015.1480161085,1.11506426736952,1.14277227736741,0,1.80281351956312
24,"Fcap_1.75_Besc_8000_sigmaR_0.216_SE_reference_AE_historical",1.75,8000,4721,6561,"Full",2025,2054,0.004,0,0.039,0.018,0,0.208,2477.52489984157,0.670466666666667,0.824,1,20.114,20,3688.54440151226,3720.81429750406,777.992060508498,6294.89257821682,12346.5507907056,11462.5449740467,7986.93936155111,19961.3763434154,16395.604807159,14401.3433952565,20142.315009385,1.10345135622766,1.19070140386602,0.137931034482759,1.69416536386661
25,"Fcap_1.80_Besc_5000_sigmaR_0.216_SE_reference_AE_historical",1.8,5000,4721,6561,"Short",2025,2034,0.001,0,0.001,0.004,0,0.013,3908.17231764409,0.2233,0.267,0.853,2.233,2,6183.35809688471,6084.4756846637,3739.22076963851,8947.42271831101,8085.46987280707,7848.86012242363,6095.34670180442,10504.2887459757,13196.096240006,11270.3925200057,16185.6555304869,1.00132236623859,1.00380566026952,0.194598671059008,1.78366077229859
25,"Fcap_1.80_Besc_5000_sigmaR_0.216_SE_reference_AE_historical",1.8,5000,4721,6561,"Medium",2035,2044,0.001,0,0.001,0.004,0,0.017,4376.73711845027,0.2359,0.245,0.865,2.359,2,5997.91483136207,5916.0552440432,3723.63394186591,8604.5578812263,7962.3414854645,7730.50006259756,6095.98768062926,10323.123903479,13128.3415855973,11166.2467337188,15983.844662665,1.02036640604351,1.01148535482832,0.185961688053336,1.79168318630403
25,"Fcap_1.80_Besc_5000_sigmaR_0.216_SE_reference_AE_historical",1.8,5000,4721,6561,"Long",2045,2054,0.001,0,0.001,0.003,0,0.016,3281.03811277905,0.2305,0.247,0.849,2.305,2,6088.98927155152,6037.32516014784,3632.25649859004,8780.95033049648,8069.56387014907,7813.38903522415,6059.54779038397,10626.2735109183,13127.4907004439,11210.8707687253,16167.4550672582,0.991168054159945,0.98827632606717,0.186809760428725,1.78186035494402
25,"Fcap_1.80_Besc_5000_sigmaR_0.216_SE_reference_AE_historical",1.8,5000,4721,6561,"Full",2025,2054,0.001,0,0.003,0.004,0,0.044,3281.03811277905,0.2299,0.267,0.977,6.897,6,6090.08739993277,5985.56348491533,4094.22216763585,8490.61185906623,8002.80432508951,7801.00249870338,6298.97106954808,10237.3607593238,13161.9711471833,11588.8238902448,15811.2919375949,1.00320511274651,0.979709506740242,0.356994273893446,1.62502852801005
26,"Fcap_1.80_Besc_6561_sigmaR_0.216_SE_reference_AE_historical",1.8,6561,4721,6561,"Short",2025,2034,0.002,0,0.005,0.007,0,0.029,3148.34428636839,0.472,0.505,0.991,4.72,5,4832.4496184108,4748.88734893399,2024.4109828088,7914.54549950121,9686.12316936766,9167.49878899249,6465.11234238648,14875.8983065582,14833.0557851708,12677.3028766648,17955.9088620899,1.35913843549581,1.41680335224745,0.444444444444444,1.99529974065321
26,"Fcap_1.80_Besc_6561_sigmaR_0.216_SE_reference_AE_historical",1.8,6561,4721,6561,"Medium",2035,2044,0.002,0,0.005,0.009,0,0.04,2950.20305352482,0.4853,0.501,0.997,4.853,5,4854.3164321235,4850.37052633146,2279.42596794078,7564.87968304722,10105.1521111442,9376.12621124261,6879.57380232871,16642.6533157442,14750.5990391792,12662.3809148535,17893.867810717,1.35540304765699,1.39013934018509,0.519357544534955,2
26,"Fcap_1.80_Besc_6561_sigmaR_0.216_SE_reference_AE_historical",1.8,6561,4721,6561,"Long",2045,2054,0.003,0,0.012,0.01,0,0.054,3576.03521929433,0.4796,0.522,0.995,4.796,5,4970.98053649703,4934.72494721225,2195.55205312098,7755.16744182446,10324.3764680388,9410.10585395112,6805.52404327514,18115.4054224135,14840.5673019986,12680.9049985881,18163.4501821305,1.34320475416604,1.3969995542579,0.444444444444444,1.90153592029652
26,"Fcap_1.80_Besc_6561_sigmaR_0.216_SE_reference_AE_historical",1.8,6561,4721,6561,"Full",2025,2054,0.003,0,0.02,0.01,0,0.109,2950.20305352482,0.478966666666667,0.522,1,14.369,14,4885.91552901044,4824.90859782231,2561.65580445917,7396.51477294171,9903.91610564081,9303.06586130284,7323.51679505489,15024.3406637152,14847.001753757,13080.0382591893,17844.8312037345,1.35351301171361,1.42600265234114,0.689655172413793,1.74209714633822
27,"Fcap_1.80_Besc_7250_sigmaR_0.216_SE_reference_AE_historical",1.8,7250,4721,6561,"Short",2025,2034,0.003,0,0.01,0.012,0,0.046,3139.21057257417,0.5762,0.681,0.999,5.762,6,4208.30219854705,4166.98865975707,1071.73184970463,7245.90740313601,10765.9789065903,10010.4717707707,6822.1673049465,18471.5279827819,15508.1681754912,13290.2171209571,18718.4954913309,1.29069076093453,1.34744222487977,0.439523412259104,1.91115586305959
27,"Fcap_1.80_Besc_7250_sigmaR_0.216_SE_reference_AE_historical",1.8,7250,4721,6561,"Medium",2035,2044,0.002,0,0.009,0.013,0,0.078,2931.0471150469,0.5817,0.602,0.998,5.817,6,4362.3781586307,4401.02048467104,1104.43478707316,7075.13961698227,11495.2357864884,10318.0062922016,6740.53580447848,20977.7585948896,15457.7730180184,13209.0347547476,18782.8741192619,1.28769348435776,1.34820637677047,0.444444444444444,1.95720111811246
27,"Fcap_1.80_Besc_7250_sigmaR_0.216_SE_reference_AE_historical",1.8,7250,4721,6561,"Long",2045,2054,0.004,0,0.024,0.015,0,0.077,2360.25866891676,0.5704,0.607,1,5.704,6,4466.54170809268,4483.08399927393,1580.64088696098,7271.66345947068,11512.7502977083,10235.2680600187,7078.11065790612,21521.1651644119,15559.3092472648,13217.1520147457,19056.3501213102,1.30406391108567,1.37080812260316,0.444444444444444,1.93167790846598
27,"Fcap_1.80_Besc_7250_sigmaR_0.216_SE_reference_AE_historical",1.8,7250,4721,6561,"Full",2025,2054,0.004,0,0.042,0.015,0,0.178,2360.25866891676,0.5761,0.681,1,17.283,17,4345.74068842347,4305.7756273176,1748.71342895955,6863.871877628,11162.6238422837,10255.0160415285,7748.16807874176,18455.9369439684,15595.7962034675,13691.2716901714,18802.5595033384,1.29579065754545,1.39146686259811,0.413793103448276,1.75394760248038
28,"Fcap_1.80_Besc_8000_sigmaR_0.216_SE_reference_AE_historical",1.8,8000,4721,6561,"Short",2025,2034,0.002,0,0.005,0.012,0,0.056,3140.99199081463,0.6727,0.824,1,6.727,7,3532.65339349257,3569.08274524827,0,6590.94796074897,12065.4268335129,10686.5929112005,6369.00219357727,22841.8716737686,16306.3889835866,13851.3453166608,19591.705180136,1.10718814381856,1.21199406725912,0,1.82170275499168
28,"Fcap_1.80_Besc_8000_sigmaR_0.216_SE_reference_AE_historical",1.8,8000,4721,6561,"Medium",2035,2044,0.006,0,0.025,0.018,0,0.108,3363.92053870335,0.6742,0.697,1,6.742,7,3784.34934273949,3943.27577328636,0,6762.19114380444,13021.5422949919,11774.6606216901,6836.60229707137,23329.9846056661,16219.3324696704,13858.6572600222,19837.8063880974,1.08311352791218,1.11111111111111,0,1.79413889443237
28,"Fcap_1.80_Besc_8000_sigmaR_0.216_SE_reference_AE_historical",1.8,8000,4721,6561,"Long",2045,2054,0.003,0,0.019,0.013,0,0.096,2334.61146116293,0.6696,0.692,1,6.696,7,3879.10265370902,4028.20968626908,0,6757.27304756599,13158.7637460723,11809.2903794689,7421.01298229833,23685.5246126661,16258.180456781,13868.4350682957,19898.4566724417,1.11803329998223,1.14077255656199,0,1.80353883895296
28,"Fcap_1.80_Besc_8000_sigmaR_0.216_SE_reference_AE_historical",1.8,8000,4721,6561,"Full",2025,2054,0.006,0,0.047,0.018,0,0.23,2334.61146116293,0.672166666666667,0.824,1,20.165,20,3732.03512998036,3779.72573340819,793.80690913848,6343.10006850559,12555.1452621263,11617.7494042675,8216.61156212873,20382.2022008333,16371.2231324544,14352.232661323,20097.8655696949,1.10488460387637,1.18595384665621,0.137931034482759,1.7037219272981
