"scenario_number","scenario_id","Fcap","Besc","Blim","Bpa","horizon","first_year","last_year","max_P_Blim","n_years_P_Blim_gt_5","P_ever_Blim","max_P_Bpa","n_years_P_Bpa_gt_5","P_ever_Bpa","min_SSB","mean_P_closed","max_P_closed","P_ever_closed","mean_years_closed","median_years_closed","mean_catch","median_catch","p05_catch","p95_catch","mean_catch_open","median_mean_catch_open","p05_mean_catch_open","p95_mean_catch_open","median_mean_SSB_open","p05_mean_SSB_open","p95_mean_SSB_open","mean_IAV","median_IAV","p05_IAV","p95_IAV","robustness_id","reference_scenario_number","reference_scenario_id"
9,"S-C2__Fcap_1.50_Besc_5000_sigmaR_0.216_SE_reference_AE_historical",1.5,5000,4721,6561,"Short",2025,2034,0.001,0,0.001,0.003,0,0.009,4562.17045634971,0.2126,0.272,0.827,2.126,2,5431.81662460388,5343.0593853348,3258.34868687763,7928.73967613275,6997.97466817656,6806.37619182906,5223.78827255157,9155.47367726877,12886.7825403327,11048.7285704455,15705.2945140819,1.00293567002471,1.01004537588762,0.193414473629833,1.77777777777778,"S-C2",9,"Fcap_1.50_Besc_5000_sigmaR_0.216_SE_reference_AE_historical"
9,"S-C2__Fcap_1.50_Besc_5000_sigmaR_0.216_SE_reference_AE_historical",1.5,5000,4721,6561,"Medium",2035,2044,0,0,0,0.002,0,0.008,4837.18412186138,0.2186,0.229,0.829,2.186,2,5234.70238554229,5184.352258601,3180.42637057924,7581.02252942063,6758.64556992354,6638.85375431996,5015.2697532146,8898.39064103276,12907.0976001524,10994.7670459503,15670.0733652103,1.01011089296623,1.00103999392728,0.198675628572447,1.78614872445125,"S-C2",9,"Fcap_1.50_Besc_5000_sigmaR_0.216_SE_reference_AE_historical"
9,"S-C2__Fcap_1.50_Besc_5000_sigmaR_0.216_SE_reference_AE_historical",1.5,5000,4721,6561,"Long",2045,2054,0.001,0,0.001,0.003,0,0.009,3843.16550786335,0.2144,0.229,0.819,2.144,2,5335.73902372944,5256.1351495193,3156.20193218175,7703.74428368965,6914.41107694623,6716.00756701831,5126.26448181833,9285.73177934736,12872.0284704358,10977.0391186873,15719.0149665114,0.981482954219322,0.982329816837681,0.193182668254549,1.78039624489803,"S-C2",9,"Fcap_1.50_Besc_5000_sigmaR_0.216_SE_reference_AE_historical"
9,"S-C2__Fcap_1.50_Besc_5000_sigmaR_0.216_SE_reference_AE_historical",1.5,5000,4721,6561,"Full",2025,2054,0.001,0,0.002,0.003,0,0.026,3843.16550786335,0.2152,0.272,0.964,6.456,6,5334.08601129187,5243.52434571334,3525.08376839839,7497.10260510667,6859.34638975459,6669.04152368082,5383.21198488699,8789.72304642971,12913.000598489,11360.3915059348,15450.5836991774,0.997891591734119,0.987429228055622,0.36335562468109,1.61521667160996,"S-C2",9,"Fcap_1.50_Besc_5000_sigmaR_0.216_SE_reference_AE_historical"
10,"S-C2__Fcap_1.50_Besc_6561_sigmaR_0.216_SE_reference_AE_historical",1.5,6561,4721,6561,"Short",2025,2034,0.002,0,0.003,0.004,0,0.017,3659.9913961853,0.4629,0.478,0.985,4.629,4,4210.13894319379,4175.03517968101,1723.48288762219,6925.37153913526,8245.93784631719,7769.1785371572,5348.27480581766,12823.2211574828,14386.9706667499,12306.6993581084,17346.3800561123,1.36618250671661,1.4281178226109,0.444444444444444,2,"S-C2",10,"Fcap_1.50_Besc_6561_sigmaR_0.216_SE_reference_AE_historical"
10,"S-C2__Fcap_1.50_Besc_6561_sigmaR_0.216_SE_reference_AE_historical",1.5,6561,4721,6561,"Medium",2035,2044,0.001,0,0.002,0.005,0,0.02,3730.97613087582,0.4674,0.478,0.997,4.674,5,4191.4579910663,4229.24240688632,1872.17969633765,6585.9880648169,8391.85827701573,7739.11591198715,5557.31701469461,13442.1817435585,14373.1773596098,12319.6326231808,17309.4078991675,1.35472530211795,1.40325829913591,0.455506010489723,1.93598739375595,"S-C2",10,"Fcap_1.50_Besc_6561_sigmaR_0.216_SE_reference_AE_historical"
10,"S-C2__Fcap_1.50_Besc_6561_sigmaR_0.216_SE_reference_AE_historical",1.5,6561,4721,6561,"Long",2045,2054,0.002,0,0.004,0.007,0,0.034,3987.7455525265,0.4627,0.499,0.991,4.627,4,4303.17190463262,4266.63048948316,1828.73091406832,6865.04152938231,8595.06577863331,7933.76552653368,5403.36790907389,14919.2441150442,14401.4920174094,12311.2002357104,17513.3944093847,1.34393719193658,1.41254988002302,0.444444444444444,1.87714253858915,"S-C2",10,"Fcap_1.50_Besc_6561_sigmaR_0.216_SE_reference_AE_historical"
10,"S-C2__Fcap_1.50_Besc_6561_sigmaR_0.216_SE_reference_AE_historical",1.5,6561,4721,6561,"Full",2025,2054,0.002,0,0.009,0.007,0,0.064,3659.9913961853,0.464333333333333,0.499,1,13.93,13,4234.92294629757,4192.98147475448,2129.22434163398,6566.11279002074,8278.02568055875,7821.48028993081,6089.16079360429,11893.2525318714,14427.9746113367,12684.410142046,17289.0402570692,1.35603495333827,1.43667227866842,0.689655172413793,1.74611816328976,"S-C2",10,"Fcap_1.50_Besc_6561_sigmaR_0.216_SE_reference_AE_historical"
11,"S-C2__Fcap_1.50_Besc_7250_sigmaR_0.216_SE_reference_AE_historical",1.5,7250,4721,6561,"Short",2025,2034,0.003,0,0.004,0.009,0,0.029,3650.58283794033,0.5666,0.681,0.999,5.666,6,3649.70184172352,3626.72699177316,875.054711101205,6406.08007069942,9075.20869536729,8438.874761379,5416.76255885329,15619.4993365771,15005.9507510879,12856.7065329839,18025.2762907621,1.29417635797754,1.35157961685156,0.433333333333334,1.93299885466563,"S-C2",11,"Fcap_1.50_Besc_7250_sigmaR_0.216_SE_reference_AE_historical"
11,"S-C2__Fcap_1.50_Besc_7250_sigmaR_0.216_SE_reference_AE_historical",1.5,7250,4721,6561,"Medium",2035,2044,0.001,0,0.005,0.009,0,0.047,3737.26207028212,0.566,0.59,0.999,5.66,6,3732.22089778367,3753.7478228402,798.599869105485,6204.86056384954,9427.32731282531,8485.63827198852,5222.38052857929,17353.740149295,14986.5336567361,12733.8464090446,18041.5042847705,1.29377075986671,1.34839901219767,0.444444444444444,1.98157052411968,"S-C2",11,"Fcap_1.50_Besc_7250_sigmaR_0.216_SE_reference_AE_historical"
11,"S-C2__Fcap_1.50_Besc_7250_sigmaR_0.216_SE_reference_AE_historical",1.5,7250,4721,6561,"Long",2045,2054,0.003,0,0.012,0.007,0,0.043,3115.31190521948,0.5563,0.592,0.999,5.563,5,3832.57410821486,3852.10240805211,1114.54591098457,6233.69057779916,9477.11935945655,8515.08840081791,5623.23819428506,17540.317687748,15040.8922571729,12816.3510354199,18256.485769904,1.31007183773205,1.37477951240606,0.444444444444444,1.88399491139965,"S-C2",11,"Fcap_1.50_Besc_7250_sigmaR_0.216_SE_reference_AE_historical"
11,"S-C2__Fcap_1.50_Besc_7250_sigmaR_0.216_SE_reference_AE_historical",1.5,7250,4721,6561,"Full",2025,2054,0.003,0,0.021,0.009,0,0.108,3115.31190521948,0.562966666666667,0.681,1,16.889,16,3738.16561590735,3679.41509644595,1420.36680911476,6044.44138089656,9216.1869243814,8548.99458890509,6351.98133105676,14759.428678875,15118.5849720002,13303.4474637275,18148.6192293866,1.30015976052561,1.39451209066773,0.413793103448276,1.74602364303278,"S-C2",11,"Fcap_1.50_Besc_7250_sigmaR_0.216_SE_reference_AE_historical"
12,"S-C2__Fcap_1.50_Besc_8000_sigmaR_0.216_SE_reference_AE_historical",1.5,8000,4721,6561,"Short",2025,2034,0.002,0,0.002,0.006,0,0.023,3652.1701418121,0.6667,0.824,1,6.667,7,3030.89501372109,3045.19457112796,0,5778.09767867811,10053.6562984254,8969.66192970042,5035.21297455827,18951.759897781,15743.3918591764,13267.6009949628,18733.9624537997,1.11558878149067,1.23443592456196,0,1.84749515852038,"S-C2",12,"Fcap_1.50_Besc_8000_sigmaR_0.216_SE_reference_AE_historical"
12,"S-C2__Fcap_1.50_Besc_8000_sigmaR_0.216_SE_reference_AE_historical",1.5,8000,4721,6561,"Medium",2035,2044,0.002,0,0.006,0.012,0,0.057,4202.02855996037,0.6639,0.686,1,6.639,7,3205.4797899435,3296.92372394961,0,5838.46066989441,10608.9497391267,9529.65453832137,5339.29921932775,19835.4963934732,15671.9580644594,13184.4503040392,19178.5964701007,1.09876175771118,1.15520372391255,0,1.81488978439687,"S-C2",12,"Fcap_1.50_Besc_8000_sigmaR_0.216_SE_reference_AE_historical"
12,"S-C2__Fcap_1.50_Besc_8000_sigmaR_0.216_SE_reference_AE_historical",1.5,8000,4721,6561,"Long",2045,2054,0.001,0,0.005,0.007,0,0.049,3078.80741172864,0.6561,0.679,1,6.561,7,3290.16923059374,3384.62758789979,0,5910.05218507188,10681.6303422098,9428.28562788322,5611.39479126342,20134.7613286606,15744.0874669321,13415.4320301207,19109.8784039144,1.13099459626909,1.23095914808922,0,1.81274985428941,"S-C2",12,"Fcap_1.50_Besc_8000_sigmaR_0.216_SE_reference_AE_historical"
12,"S-C2__Fcap_1.50_Besc_8000_sigmaR_0.216_SE_reference_AE_historical",1.5,8000,4721,6561,"Full",2025,2054,0.002,0,0.013,0.012,0,0.121,3078.80741172864,0.662233333333333,0.824,1,19.867,20,3175.51467808611,3190.26318747143,649.362847732872,5557.65905005608,10278.2543558297,9553.7343337607,6579.61094705891,16869.4427826169,15829.3495603244,13866.5336515599,19244.5365275759,1.11763959529483,1.2236332269627,0.137931034482759,1.70189429082301,"S-C2",12,"Fcap_1.50_Besc_8000_sigmaR_0.216_SE_reference_AE_historical"
17,"S-C2__Fcap_1.70_Besc_5000_sigmaR_0.216_SE_reference_AE_historical",1.7,5000,4721,6561,"Short",2025,2034,0.001,0,0.002,0.004,0,0.011,3966.18330489105,0.2379,0.327,0.87,2.379,2,5658.58485526754,5578.68057688452,3392.16729178524,8248.89877598405,7536.02268202393,7314.57924313963,5537.11052049246,9937.50330403995,12733.2816049477,10865.4149905404,15456.2543668995,1.09319419519513,1.11111111111111,0.255214203034372,1.79352297827183,"S-C2",17,"Fcap_1.70_Besc_5000_sigmaR_0.216_SE_reference_AE_historical"
17,"S-C2__Fcap_1.70_Besc_5000_sigmaR_0.216_SE_reference_AE_historical",1.7,5000,4721,6561,"Medium",2035,2044,0.001,0,0.001,0.004,0,0.017,4251.85637798131,0.244,0.253,0.879,2.44,2,5436.56109168987,5373.70501587789,3286.54169552589,7899.36579811684,7279.13511002839,7079.27958095302,5415.63520061387,9555.90588917678,12720.1158111589,10866.7048413292,15510.3528680374,1.10587412059615,1.10973879055428,0.231914574968499,1.84022072260379,"S-C2",17,"Fcap_1.70_Besc_5000_sigmaR_0.216_SE_reference_AE_historical"
17,"S-C2__Fcap_1.70_Besc_5000_sigmaR_0.216_SE_reference_AE_historical",1.7,5000,4721,6561,"Long",2045,2054,0.001,0,0.001,0.002,0,0.014,3371.56434666339,0.2424,0.258,0.86,2.424,2,5550.97998127605,5463.42139914169,3404.31620521139,7997.1690325842,7478.20587981776,7244.65982907342,5482.51200417247,10021.1071653728,12731.9944789023,10924.0182901702,15554.9336015268,1.08129160990566,1.10517373135214,0.244837560974849,1.79766915088537,"S-C2",17,"Fcap_1.70_Besc_5000_sigmaR_0.216_SE_reference_AE_historical"
17,"S-C2__Fcap_1.70_Besc_5000_sigmaR_0.216_SE_reference_AE_historical",1.7,5000,4721,6561,"Full",2025,2054,0.001,0,0.004,0.004,0,0.042,3371.56434666339,0.241433333333333,0.327,0.984,7.243,7,5548.70864274449,5435.90656259916,3682.03409371744,7797.73322772489,7390.85408549581,7175.37448198539,5760.60637426348,9501.8111798089,12753.7310419518,11232.3130410279,15286.4330974259,1.09394268182041,1.10626773927455,0.43821545706726,1.67749721397339,"S-C2",17,"Fcap_1.70_Besc_5000_sigmaR_0.216_SE_reference_AE_historical"
18,"S-C2__Fcap_1.70_Besc_6561_sigmaR_0.216_SE_reference_AE_historical",1.7,6561,4721,6561,"Short",2025,2034,0.002,0,0.004,0.005,0,0.02,3017.02177693975,0.4789,0.495,0.998,4.789,5,4397.17103561306,4358.50105814329,1795.66939218683,7236.46032083388,8847.70654893685,8361.26465726922,5660.95686514027,13628.8913017329,14231.9428294764,12133.174263312,17209.4938407304,1.41351299875326,1.50549743758099,0.522402530292305,2,"S-C2",18,"Fcap_1.70_Besc_6561_sigmaR_0.216_SE_reference_AE_historical"
18,"S-C2__Fcap_1.70_Besc_6561_sigmaR_0.216_SE_reference_AE_historical",1.7,6561,4721,6561,"Medium",2035,2044,0.002,0,0.008,0.008,0,0.037,3127.94854518152,0.4848,0.502,0.996,4.848,5,4391.92212945183,4437.4921797433,1876.5827215594,6869.40737895539,9090.03298222431,8445.71618859454,5814.12970668736,14823.8806076006,14198.2054504282,12166.6497031407,17001.7038202782,1.4001275135309,1.47238477039208,0.515539403922521,1.99677970584324,"S-C2",18,"Fcap_1.70_Besc_6561_sigmaR_0.216_SE_reference_AE_historical"
18,"S-C2__Fcap_1.70_Besc_6561_sigmaR_0.216_SE_reference_AE_historical",1.7,6561,4721,6561,"Long",2045,2054,0.002,0,0.008,0.009,0,0.047,3288.40789002944,0.4809,0.518,0.995,4.809,5,4501.44636671269,4492.16102311638,1853.71148291384,7162.23372517537,9300.89692566317,8635.98160994099,5803.2817960221,16342.9403732096,14250.0241823858,12165.2790787548,17273.9376229154,1.3965341946519,1.50737683727802,0.444444444444444,1.97321573715799,"S-C2",18,"Fcap_1.70_Besc_6561_sigmaR_0.216_SE_reference_AE_historical"
18,"S-C2__Fcap_1.70_Besc_6561_sigmaR_0.216_SE_reference_AE_historical",1.7,6561,4721,6561,"Full",2025,2054,0.002,0,0.019,0.009,0,0.094,3017.02177693975,0.481533333333333,0.518,1,14.446,14,4430.17984392586,4401.18502968851,2240.62717935406,6763.73326527427,8916.47596838624,8483.83008829485,6551.3648357586,12832.1521929924,14248.4328905083,12632.1291554796,17026.1133504734,1.40476671803938,1.47210897569958,0.689655172413793,1.79505908940891,"S-C2",18,"Fcap_1.70_Besc_6561_sigmaR_0.216_SE_reference_AE_historical"
19,"S-C2__Fcap_1.70_Besc_7250_sigmaR_0.216_SE_reference_AE_historical",1.7,7250,4721,6561,"Short",2025,2034,0.003,0,0.008,0.009,0,0.036,3014.94952911888,0.5784,0.681,0.999,5.784,6,3817.19787748965,3807.23784257052,879.115120542123,6702.01109515389,9719.01980901638,9064.87988892948,5820.77284999644,16956.0421163992,14843.7418103804,12705.9968279943,17795.6534970749,1.31948675417562,1.39768403631132,0.444444444444444,1.98717326327532,"S-C2",19,"Fcap_1.70_Besc_7250_sigmaR_0.216_SE_reference_AE_historical"
19,"S-C2__Fcap_1.70_Besc_7250_sigmaR_0.216_SE_reference_AE_historical",1.7,7250,4721,6561,"Medium",2035,2044,0.003,0,0.01,0.012,0,0.071,3280.36611449202,0.5795,0.602,0.998,5.795,6,3920.26925163118,3984.55564250143,780.654451170102,6457.01563607382,10158.9651632635,9177.44543235358,5617.96608889207,18782.7474596647,14866.3907416747,12638.8623922184,17870.0111166824,1.31175948949448,1.37562964794563,0.444444444444444,2,"S-C2",19,"Fcap_1.70_Besc_7250_sigmaR_0.216_SE_reference_AE_historical"
19,"S-C2__Fcap_1.70_Besc_7250_sigmaR_0.216_SE_reference_AE_historical",1.7,7250,4721,6561,"Long",2045,2054,0.003,0,0.019,0.012,0,0.06,2418.02790607306,0.5689,0.598,1,5.689,6,4021.23458108182,4063.23366980973,1125.10389532918,6598.47357171221,10195.7160663358,9256.49508438867,5790.08290271592,18767.5899670498,14871.3331029813,12576.637284343,18183.6500821829,1.33343494994073,1.42456205865544,0.444444444444444,2,"S-C2",19,"Fcap_1.70_Besc_7250_sigmaR_0.216_SE_reference_AE_historical"
19,"S-C2__Fcap_1.70_Besc_7250_sigmaR_0.216_SE_reference_AE_historical",1.7,7250,4721,6561,"Full",2025,2054,0.003,0,0.036,0.012,0,0.15,2418.02790607306,0.5756,0.681,1,17.268,17,3919.56723673422,3875.31463917933,1445.31974620412,6306.73444224241,9889.29989668363,9239.05009539538,6808.80567824658,15396.6589615536,14974.0503929475,13152.861834052,18006.2090716025,1.32307195331576,1.43749035163499,0.413793103448276,1.77853523243316,"S-C2",19,"Fcap_1.70_Besc_7250_sigmaR_0.216_SE_reference_AE_historical"
20,"S-C2__Fcap_1.70_Besc_8000_sigmaR_0.216_SE_reference_AE_historical",1.7,8000,4721,6561,"Short",2025,2034,0.002,0,0.005,0.01,0,0.046,3015.22878583279,0.6725,0.824,1,6.725,7,3177.33985661409,3200.7797495409,0,6066.50026567178,10711.3917190913,9628.11832727966,5118.13604442385,20678.5557343885,15524.2398145617,13127.5530054386,18601.8371047526,1.12475551942775,1.28076141783035,0,1.87281253889423,"S-C2",20,"Fcap_1.70_Besc_8000_sigmaR_0.216_SE_reference_AE_historical"
20,"S-C2__Fcap_1.70_Besc_8000_sigmaR_0.216_SE_reference_AE_historical",1.7,8000,4721,6561,"Medium",2035,2044,0.006,0,0.021,0.015,0,0.089,3262.8379632456,0.6699,0.695,1,6.699,7,3356.96597645381,3438.73496403516,0,6128.93936438857,11327.638289443,10071.8210278147,5474.37696625286,21890.1744526015,15517.5190365619,13056.517278658,19041.9650698662,1.10493078749029,1.1496249555213,0,1.86538820014556,"S-C2",20,"Fcap_1.70_Besc_8000_sigmaR_0.216_SE_reference_AE_historical"
20,"S-C2__Fcap_1.70_Besc_8000_sigmaR_0.216_SE_reference_AE_historical",1.7,8000,4721,6561,"Long",2045,2054,0.002,0,0.012,0.012,0,0.079,2405.52497744204,0.6632,0.689,1,6.632,7,3437.86132360727,3537.59731866207,0,6160.78984289012,11338.6427314839,10139.885245517,5682.126387756,21688.2767789585,15564.9648754238,13216.3036614529,18979.5310984975,1.14223160120016,1.26400075690499,0,1.87139850419632,"S-C2",20,"Fcap_1.70_Besc_8000_sigmaR_0.216_SE_reference_AE_historical"
20,"S-C2__Fcap_1.70_Besc_8000_sigmaR_0.216_SE_reference_AE_historical",1.7,8000,4721,6561,"Full",2025,2054,0.006,0,0.037,0.015,0,0.194,2405.52497744204,0.668533333333333,0.824,1,20.056,20,3324.05571889172,3348.54066896629,662.314399450673,5806.52893340502,10910.1705548713,10159.8282136295,6849.44495328081,17449.5371152763,15653.6534292941,13686.1710399244,18974.3580488216,1.12617056318409,1.22984513906819,0.137931034482759,1.72584298320096,"S-C2",20,"Fcap_1.70_Besc_8000_sigmaR_0.216_SE_reference_AE_historical"
25,"S-C2__Fcap_1.80_Besc_5000_sigmaR_0.216_SE_reference_AE_historical",1.8,5000,4721,6561,"Short",2025,2034,0.001,0,0.002,0.004,0,0.013,3681.20121622469,0.2474,0.339,0.891,2.474,2,5762.4405235146,5678.76490164573,3496.09621307461,8403.7021791768,7774.55181925292,7583.15497286404,5837.20564553827,10199.3692539252,12655.8294826223,10801.6169313365,15297.944098192,1.13486330209013,1.16086340446331,0.291062710627914,1.8106127451493,"S-C2",25,"Fcap_1.80_Besc_5000_sigmaR_0.216_SE_reference_AE_historical"
25,"S-C2__Fcap_1.80_Besc_5000_sigmaR_0.216_SE_reference_AE_historical",1.8,5000,4721,6561,"Medium",2035,2044,0.001,0,0.001,0.005,0,0.022,4063.61315806575,0.2553,0.266,0.893,2.553,2,5525.93703093198,5473.53322440108,3383.2575372361,8064.38628037745,7518.34650673497,7314.69968434505,5582.15331508325,9921.68775554587,12620.0611659121,10821.9315319089,15376.6883675364,1.15072564534599,1.16820189056028,0.279786432344056,1.88413092809507,"S-C2",25,"Fcap_1.80_Besc_5000_sigmaR_0.216_SE_reference_AE_historical"
25,"S-C2__Fcap_1.80_Besc_5000_sigmaR_0.216_SE_reference_AE_historical",1.8,5000,4721,6561,"Long",2045,2054,0.001,0,0.001,0.003,0,0.016,3539.23905016477,0.2552,0.275,0.885,2.552,2,5640.69116465042,5562.03482128633,3408.37521358923,8107.66692069958,7744.13180085449,7478.45113122598,5637.78213381874,10494.2505453911,12673.2990564487,10894.4536381239,15483.2622218718,1.1261517193374,1.14465847949587,0.296677112120289,1.81378660013231,"S-C2",25,"Fcap_1.80_Besc_5000_sigmaR_0.216_SE_reference_AE_historical"
25,"S-C2__Fcap_1.80_Besc_5000_sigmaR_0.216_SE_reference_AE_historical",1.8,5000,4721,6561,"Full",2025,2054,0.001,0,0.004,0.005,0,0.049,3539.23905016477,0.252633333333333,0.339,0.99,7.579,7,5643.02290636567,5512.28039823718,3791.84173238402,7934.65706818401,7631.00958849078,7449.53026236294,5987.74631246014,9801.41294520063,12672.0787172107,11167.9073251149,15175.6837058511,1.13873994291867,1.16270251144361,0.474131141859448,1.70468544296238,"S-C2",25,"Fcap_1.80_Besc_5000_sigmaR_0.216_SE_reference_AE_historical"
26,"S-C2__Fcap_1.80_Besc_6561_sigmaR_0.216_SE_reference_AE_historical",1.8,6561,4721,6561,"Short",2025,2034,0.003,0,0.006,0.006,0,0.025,2849.2711768379,0.4843,0.51,0.998,4.843,5,4488.94287740183,4451.80202043625,1820.42177154289,7319.82691745679,9137.98710671353,8657.20172782466,5782.57965590054,14085.8464298336,14162.1535022504,12043.745220501,17165.2607881514,1.42587375842602,1.54137643017059,0.525721497408266,2,"S-C2",26,"Fcap_1.80_Besc_6561_sigmaR_0.216_SE_reference_AE_historical"
26,"S-C2__Fcap_1.80_Besc_6561_sigmaR_0.216_SE_reference_AE_historical",1.8,6561,4721,6561,"Medium",2035,2044,0.002,0,0.009,0.008,0,0.041,2818.31229383005,0.4914,0.514,0.998,4.914,5,4479.21570892363,4513.66066538699,1888.21354984169,6977.68080576946,9384.47703893453,8760.95945850268,5899.65511529546,15548.8781565934,14147.7300380657,12076.0195334096,16863.0818620343,1.42391575054639,1.52832395951041,0.541360833484289,2,"S-C2",26,"Fcap_1.80_Besc_6561_sigmaR_0.216_SE_reference_AE_historical"
26,"S-C2__Fcap_1.80_Besc_6561_sigmaR_0.216_SE_reference_AE_historical",1.8,6561,4721,6561,"Long",2045,2054,0.003,0,0.011,0.009,0,0.05,2994.47457266087,0.4867,0.526,0.995,4.867,5,4579.22678080374,4578.30437268074,1914.24099823963,7277.24701126774,9550.23816504419,8843.32277785369,5965.70737807762,16726.0071517208,14183.1602418953,12079.8571204206,17177.3100679465,1.41858127889335,1.54836516978105,0.45650967332151,2,"S-C2",26,"Fcap_1.80_Besc_6561_sigmaR_0.216_SE_reference_AE_historical"
26,"S-C2__Fcap_1.80_Besc_6561_sigmaR_0.216_SE_reference_AE_historical",1.8,6561,4721,6561,"Full",2025,2054,0.003,0,0.024,0.009,0,0.103,2818.31229383005,0.487466666666667,0.526,1,14.624,14,4515.7951223764,4491.44701569883,2283.29604728421,6855.22666381421,9187.33639584714,8780.24994442638,6631.88475555193,13220.4822219117,14190.0822910417,12557.0754946906,16955.0653108288,1.42455139826494,1.50609637272147,0.689655172413793,1.79827524968469,"S-C2",26,"Fcap_1.80_Besc_6561_sigmaR_0.216_SE_reference_AE_historical"
27,"S-C2__Fcap_1.80_Besc_7250_sigmaR_0.216_SE_reference_AE_historical",1.8,7250,4721,6561,"Short",2025,2034,0.003,0,0.01,0.009,0,0.043,2850.97079160948,0.5826,0.681,0.999,5.826,6,3891.12923239511,3899.332203418,884.739571430769,6931.07543757995,9999.12077791913,9332.65336535277,6000.10299393108,17432.1830880558,14780.7064304248,12645.7699690098,17778.3888102379,1.32875094313981,1.40462063958186,0.444444444444444,1.99762546148366,"S-C2",27,"Fcap_1.80_Besc_7250_sigmaR_0.216_SE_reference_AE_historical"
27,"S-C2__Fcap_1.80_Besc_7250_sigmaR_0.216_SE_reference_AE_historical",1.8,7250,4721,6561,"Medium",2035,2044,0.003,0,0.013,0.013,0,0.083,2850.98587405423,0.5812,0.607,0.999,5.812,6,4007.1379377147,4089.07814466358,763.630766406935,6595.98420529704,10416.5229522468,9448.17343894166,5584.97822509249,19455.9993132569,14783.125343087,12591.4309357144,17770.619116088,1.31740921904411,1.40577516115242,0.444444444444444,2,"S-C2",27,"Fcap_1.80_Besc_7250_sigmaR_0.216_SE_reference_AE_historical"
27,"S-C2__Fcap_1.80_Besc_7250_sigmaR_0.216_SE_reference_AE_historical",1.8,7250,4721,6561,"Long",2045,2054,0.004,0,0.021,0.012,0,0.071,2111.05191440038,0.5744,0.611,1,5.744,6,4113.98583802126,4181.4961408818,1117.69582692618,6741.93522192115,10564.5562618351,9541.54109088219,5940.21210303175,19366.78847984,14751.7439661982,12469.7675915092,18054.7070894598,1.33935585411968,1.44033440088669,0.444444444444444,2,"S-C2",27,"Fcap_1.80_Besc_7250_sigmaR_0.216_SE_reference_AE_historical"
27,"S-C2__Fcap_1.80_Besc_7250_sigmaR_0.216_SE_reference_AE_historical",1.8,7250,4721,6561,"Full",2025,2054,0.004,0,0.043,0.013,0,0.173,2111.05191440038,0.5794,0.681,1,17.382,17,4004.08433604369,3984.3566136592,1458.30734840689,6467.34409336769,10178.7591264158,9505.9310741125,6989.41401176297,15879.4027157087,14869.9413904457,13098.8550966275,17928.7169080357,1.32979479788933,1.4388218917372,0.413793103448276,1.79149717568718,"S-C2",27,"Fcap_1.80_Besc_7250_sigmaR_0.216_SE_reference_AE_historical"
28,"S-C2__Fcap_1.80_Besc_8000_sigmaR_0.216_SE_reference_AE_historical",1.8,8000,4721,6561,"Short",2025,2034,0.003,0,0.009,0.014,0,0.055,2847.35632848105,0.6757,0.824,1,6.757,7,3245.0881101415,3256.88841691855,0,6221.94504621421,11024.4055264371,9949.10777015897,5243.11192957149,21429.8587628433,15461.9283371514,13083.7816703439,18599.196331448,1.12625995313702,1.25581469247281,0,1.88960083434409,"S-C2",28,"Fcap_1.80_Besc_8000_sigmaR_0.216_SE_reference_AE_historical"
28,"S-C2__Fcap_1.80_Besc_8000_sigmaR_0.216_SE_reference_AE_historical",1.8,8000,4721,6561,"Medium",2035,2044,0.008,0,0.026,0.018,0,0.108,2831.27085856112,0.6728,0.696,1,6.728,7,3432.63120311582,3530.66264717127,0,6288.49007433507,11678.4049861162,10347.8086215704,5395.19859646783,22783.8819651751,15428.6953379786,12945.2571225832,19061.452014599,1.10555811334938,1.15831801764011,0,1.86990338605699,"S-C2",28,"Fcap_1.80_Besc_8000_sigmaR_0.216_SE_reference_AE_historical"
28,"S-C2__Fcap_1.80_Besc_8000_sigmaR_0.216_SE_reference_AE_historical",1.8,8000,4721,6561,"Long",2045,2054,0.004,0,0.019,0.014,0,0.088,2092.41865359408,0.6654,0.695,1,6.654,7,3500.56761768015,3593.70735479119,0,6291.02015418157,11670.595856625,10403.2587034551,5714.84311803242,22722.0697923064,15465.0251867191,13153.9500950712,18925.1343315543,1.14452426652411,1.28335974064371,0,1.89015503159411,"S-C2",28,"Fcap_1.80_Besc_8000_sigmaR_0.216_SE_reference_AE_historical"
28,"S-C2__Fcap_1.80_Besc_8000_sigmaR_0.216_SE_reference_AE_historical",1.8,8000,4721,6561,"Full",2025,2054,0.008,0,0.053,0.018,0,0.221,2092.41865359408,0.6713,0.824,1,20.139,20,3392.76231031249,3401.43614064554,667.180630245974,5942.91434648418,11208.9159037639,10448.1313183367,6963.06564053369,18076.1839559363,15589.7641459695,13619.0107975834,18887.0762533796,1.12768109498482,1.23273074580648,0.137931034482759,1.72980492362242,"S-C2",28,"Fcap_1.80_Besc_8000_sigmaR_0.216_SE_reference_AE_historical"
