"scenario_number","scenario_id","Fcap","Besc","Catch_TAC_diff_median","Catch_TAC_diff_p05","Catch_TAC_diff_p95","Catch_TAC_ratio_median","Catch_TAC_ratio_p05","Catch_TAC_ratio_p95","robustness_id","reference_scenario_number","reference_scenario_id"
9,"S-C2__Fcap_1.50_Besc_5000_sigmaR_0.216_SE_reference_AE_historical",1.5,5000,0,-0.0702183593789414,0.078259515003856,1.00000111937446,0.999986256966174,1.00001316619418,"S-C2",9,"Fcap_1.50_Besc_5000_sigmaR_0.216_SE_reference_AE_historical"
10,"S-C2__Fcap_1.50_Besc_6561_sigmaR_0.216_SE_reference_AE_historical",1.5,6561,0,-0.0734586472411138,0.0731933056806156,1.00000087021205,0.999974741375004,1.00001312065823,"S-C2",10,"Fcap_1.50_Besc_6561_sigmaR_0.216_SE_reference_AE_historical"
11,"S-C2__Fcap_1.50_Besc_7250_sigmaR_0.216_SE_reference_AE_historical",1.5,7250,0,-0.0878752693188289,0.0661293834312346,1.00000055833825,0.997032869254535,1.0000131904134,"S-C2",11,"Fcap_1.50_Besc_7250_sigmaR_0.216_SE_reference_AE_historical"
12,"S-C2__Fcap_1.50_Besc_8000_sigmaR_0.216_SE_reference_AE_historical",1.5,8000,0,-0.107754203252489,0.0563296754428847,1.00000008686362,0.99128635059567,1.00001307542856,"S-C2",12,"Fcap_1.50_Besc_8000_sigmaR_0.216_SE_reference_AE_historical"
17,"S-C2__Fcap_1.70_Besc_5000_sigmaR_0.216_SE_reference_AE_historical",1.7,5000,0,-0.0628236880577333,0.0763432878263757,1.00000124538971,0.999987875828651,1.000012119054,"S-C2",17,"Fcap_1.70_Besc_5000_sigmaR_0.216_SE_reference_AE_historical"
18,"S-C2__Fcap_1.70_Besc_6561_sigmaR_0.216_SE_reference_AE_historical",1.7,6561,0,-0.0716486298494146,0.0684927370503828,1.00000078927232,0.9999700246702,1.00001164595698,"S-C2",18,"Fcap_1.70_Besc_6561_sigmaR_0.216_SE_reference_AE_historical"
19,"S-C2__Fcap_1.70_Besc_7250_sigmaR_0.216_SE_reference_AE_historical",1.7,7250,0,-0.0822875157174622,0.0629776253401359,1.00000052424811,0.99139709954531,1.00001193151323,"S-C2",19,"Fcap_1.70_Besc_7250_sigmaR_0.216_SE_reference_AE_historical"
20,"S-C2__Fcap_1.70_Besc_8000_sigmaR_0.216_SE_reference_AE_historical",1.7,8000,0,-0.104026072444822,0.0530672731533741,1.00000001029037,0.975809786748117,1.00001207029513,"S-C2",20,"Fcap_1.70_Besc_8000_sigmaR_0.216_SE_reference_AE_historical"
25,"S-C2__Fcap_1.80_Besc_5000_sigmaR_0.216_SE_reference_AE_historical",1.8,5000,0,-0.0582998587842212,0.0742677956720165,1.00000124140146,0.999988546653979,1.00001152460188,"S-C2",25,"Fcap_1.80_Besc_5000_sigmaR_0.216_SE_reference_AE_historical"
26,"S-C2__Fcap_1.80_Besc_6561_sigmaR_0.216_SE_reference_AE_historical",1.8,6561,0,-0.068259953107372,0.0677963534516067,1.00000073105242,0.999969566464019,1.00001119310082,"S-C2",26,"Fcap_1.80_Besc_6561_sigmaR_0.216_SE_reference_AE_historical"
27,"S-C2__Fcap_1.80_Besc_7250_sigmaR_0.216_SE_reference_AE_historical",1.8,7250,0,-0.0809582476763808,0.0604518083435323,1.00000046131953,0.984512968042822,1.00001141119756,"S-C2",27,"Fcap_1.80_Besc_7250_sigmaR_0.216_SE_reference_AE_historical"
28,"S-C2__Fcap_1.80_Besc_8000_sigmaR_0.216_SE_reference_AE_historical",1.8,8000,0,-0.102583099773869,0.0511698843778503,1.00000005682867,0.975005973713346,1.00001217355304,"S-C2",28,"Fcap_1.80_Besc_8000_sigmaR_0.216_SE_reference_AE_historical"
