year,step,0,1,2,3,type
1989,1,NA,7.09377323006633,NA,NA,SEINE
1989,2,NA,9.14071144936749,NA,NA,SEINE
1989,3,5.05917370444502,16.5723262408627,35.1395647365466,NA,SEINE
1989,4,8.2607180153052,14.8346734890453,NA,NA,SEINE
1990,1,NA,7.1437048153668,24.2062859339902,NA,SEINE
1990,2,NA,8.04317731588946,NA,NA,SEINE
1990,3,5.38959291228965,10.3273733494855,33.9177759169438,NA,SEINE
1990,4,2.41201995647257,9.97906280568233,NA,NA,SEINE
1991,1,NA,3.23975945542475,NA,NA,SEINE
1991,2,NA,11.3466184378152,25.6487672361781,NA,SEINE
1991,3,7.54692854574567,16.1844672118842,37.7227142942521,NA,SEINE
1991,4,5.4223498638368,28.5514732818021,34.0892553751065,NA,SEINE
1992,1,NA,7.47313274639162,28.5731994638154,31.5494278655662,SEINE
1992,2,1.81747287528316,9.93815021190138,NA,NA,SEINE
1992,3,5.43686672207787,10.7400158414617,24.7517405242686,NA,SEINE
1992,4,NA,29.9524953001004,34.4452169516033,NA,SEINE
1993,1,NA,10.9253398714018,21.7102167128033,NA,SEINE
1993,2,NA,11.7393738456963,22.1167633758417,NA,SEINE
1993,3,2.09380294086952,11.266092278336,NA,NA,SEINE
1993,4,3.33379582486831,17.0370932255823,28.8990959980316,NA,SEINE
1994,1,NA,5.72015767711391,13.9469390411973,NA,SEINE
1994,2,NA,10.056446816346,21.0753696291043,NA,SEINE
1994,3,4.96778524647275,17.3181648096451,25.8861605763695,NA,SEINE
1994,4,4.95281886637673,17.9798195031757,24.2823782456882,NA,SEINE
1995,1,NA,9.86563129257691,21.6972439146415,NA,SEINE
1995,2,NA,12.2122449288098,NA,NA,SEINE
1995,3,6.91335837219987,10.2186517665671,NA,NA,SEINE
1995,4,6.89839086215807,15.036316353107,NA,NA,SEINE
1996,1,NA,3.09088792568187,18.577285144566,NA,SEINE
1996,2,NA,5.97321211463565,18.0127140973068,NA,SEINE
1996,3,1.08325182128608,13.6818983348285,23.3012356971895,NA,SEINE
1996,4,2.89620263519266,16.1393830208654,23.924988207972,NA,SEINE
1997,1,NA,7.86037278760553,16.5702860444346,NA,SEINE
1997,2,NA,9.40931489042259,19.6769956812375,NA,SEINE
1997,3,2.75793803742862,14.9057478616918,23.1106858869737,NA,SEINE
1997,4,3.67653319035527,13.9435368171892,22.4766819589371,NA,SEINE
1998,1,NA,5.86724971138583,14.6078188885189,NA,SEINE
1998,2,NA,5.95692687861408,19.8553790943854,NA,SEINE
1998,3,3.64351423995941,10.3391907191624,21.8937729330091,NA,SEINE
1998,4,5.11217866402904,11.9762409296102,NA,NA,SEINE
1999,1,NA,5.04462058907395,15.505697516265,NA,SEINE
1999,2,NA,12.9311501208935,21.2644264275397,NA,SEINE
1999,3,3.47860732600956,13.5174758575598,24.257158176787,NA,SEINE
1999,4,5.54398374806865,12.4421918357175,20.8836176931682,NA,SEINE
2000,1,NA,4.5508083366607,19.3429294657595,NA,SEINE
2000,2,1.38598790677833,9.88049161204589,24.9157300165552,NA,SEINE
2000,3,3.37152415754842,11.1489292818193,25.6425801095393,NA,SEINE
2000,4,5.7721523447722,12.8659654382994,28.1452711181463,NA,SEINE
2001,1,NA,8.74846685380274,25.890785127479,NA,SEINE
2001,2,NA,12.0617373283555,33.5987030067912,NA,SEINE
2001,3,6.63934343449936,15.5404076177036,33.5262264617666,NA,SEINE
2001,4,4.47081130337881,14.6953257567293,29.2606965664117,NA,SEINE
2002,1,NA,7.85992392858419,16.500832262568,23.5171370253727,SEINE
2002,2,NA,9.8598465319966,22.5122546724776,NA,SEINE
2002,3,8.86653479582682,13.7161490944472,25.2499230784746,NA,SEINE
2002,4,7.69603743142871,16.8656137191665,22.9785272747289,NA,SEINE
2003,1,NA,9.04891418451429,22.9423492634522,NA,SEINE
2003,2,NA,10.8821066737404,27.4192682739375,NA,SEINE
2003,3,6.14483112861371,12.0113327218048,31.6189181235029,NA,SEINE
2003,4,6.87016854164862,12.7843850913274,NA,NA,SEINE
2004,1,NA,8.71231644447596,27.6777469938725,NA,SEINE
2004,2,NA,11.6949041595436,21.7309465304601,NA,SEINE
2004,3,6.93312430515143,13.8724693459552,28.840242097482,NA,SEINE
2004,4,7.03515348856251,15.9228098144978,23.7566923821427,NA,SEINE
2005,1,NA,6.94043977920734,18.5294583343936,NA,SEINE
2005,2,NA,9.01454008591068,21.9090479573029,NA,SEINE
2005,3,5.04832001125967,14.1088901152498,27.3670005655787,NA,SEINE
2005,4,5.02274439484091,9.90062870541427,NA,NA,SEINE
2006,1,NA,8.13765450137058,15.5213878847332,NA,SEINE
2006,2,NA,8.77539879695115,22.1305817529243,NA,SEINE
2006,3,3.9930576256907,9.07081432889865,NA,NA,SEINE
2006,4,4.50501914843667,6.2796888419053,NA,NA,SEINE
2007,1,NA,6.90594317787701,15.5651238513015,NA,SEINE
2007,2,NA,9.12689981452257,21.3666503805912,NA,SEINE
2007,3,5.27433175428944,11.8200797086413,21.9566102056801,NA,SEINE
2007,4,7.4820443705478,11.5576529754645,19.0486356382861,NA,SEINE
2008,1,NA,10.0481779747863,18.936470368749,28.3797949549508,SEINE
2008,2,NA,15.6239914358662,23.0398314345712,24.2968346247463,SEINE
2008,3,7.40056127269651,15.3579056174971,22.048800071341,NA,SEINE
2008,4,9.90543158775178,17.9499539827078,21.7446756234105,NA,SEINE
2009,1,NA,12.3359091197579,16.364140025547,20.3270281645593,SEINE
2009,2,NA,11.9811382947275,21.6094603989733,27.7579034789461,SEINE
2009,3,4.2341051040926,13.0762723740722,19.7803211244536,24.1483322994847,SEINE
2009,4,8.09878423057542,11.9217159291473,19.8834515907465,24.3630650977258,SEINE
2010,1,NA,9.27271058586896,19.0274304762564,NA,SEINE
2010,2,NA,10.4658052870671,18.5822775537703,21.5248110151429,SEINE
2010,3,6.34581609047282,13.6376327491148,17.6058907007108,23.9705137774404,SEINE
2010,4,7.29843293041605,10.7856924370837,NA,NA,SEINE
2011,1,NA,9.22832514428098,22.0304935734731,NA,SEINE
2011,2,NA,10.7241171677597,16.8851429608974,NA,SEINE
2011,3,6.94471785005574,11.2031064772547,22.6142142785545,NA,SEINE
2011,4,9.39490028835915,16.7628215726201,16.5239317427601,NA,SEINE
2012,1,NA,8.99602643824239,14.2140990995019,NA,SEINE
2012,2,NA,13.5136342060019,22.3961672398025,NA,SEINE
2012,3,8.28384397354329,17.2504543083893,22.9431817645366,NA,SEINE
2012,4,8.5236413322453,16.4831612252415,16.7848864385609,NA,SEINE
2013,1,NA,8.77737810554471,23.8119145546083,NA,SEINE
2013,2,NA,10.7349578733639,21.4083160158543,NA,SEINE
2013,3,6.42279381507712,13.506477952087,26.0411757977143,NA,SEINE
2013,4,7.03285326987271,10.3164601302513,NA,NA,SEINE
2014,1,NA,8.13269221550018,19.0750342782903,NA,SEINE
2014,2,NA,9.63728241362828,16.2446889824276,NA,SEINE
2014,3,6.05942582373085,12.1431905528109,23.5127953433003,NA,SEINE
2014,4,10.4895874648916,14.9329692585661,19.530673740565,NA,SEINE
2015,1,NA,10.9082456947082,25.5768230985505,NA,SEINE
2015,2,NA,10.0405557971694,22.9720607327375,NA,SEINE
2015,3,6.84062550081556,10.5179540217305,10.9490619354712,NA,SEINE
2015,4,8.53568452772348,15.1888679216772,21.512080520822,NA,SEINE
2016,1,NA,9.09552052334404,18.0146417821124,NA,SEINE
2016,2,NA,11.7980360215051,23.8377850302054,NA,SEINE
2016,3,8.73551045741482,14.3316907654101,13.1663295015743,NA,SEINE
2016,4,8.77448965137937,13.5322190053769,16.1629716948639,NA,SEINE
2017,1,NA,8.98942319111096,26.9670098534222,NA,SEINE
2017,2,NA,9.12290126803214,20.235895857443,NA,SEINE
2017,3,6.71931935252842,9.11896255915288,16.4101274227052,NA,SEINE
2017,4,5.29383356370571,17.2166619321163,16.6083329206571,7.40658918462921,SEINE
2018,1,NA,8.4152322471836,12.84031129083,NA,SEINE
2018,2,NA,11.457792205488,17.2053336131639,NA,SEINE
2018,3,10.1784505339513,15.2670572570164,20.8287748769436,NA,SEINE
2018,4,9.69889920273659,14.1642659251949,49.945450201319,NA,SEINE
2019,1,NA,9.8758111415822,18.876575676288,NA,SEINE
2019,2,NA,11.0606993629182,22.1235650138871,NA,SEINE
2019,3,10.3851794244735,13.4020983501236,16.9226057406606,NA,SEINE
2019,4,6.4467724960543,12.9967491934066,18.7114153868171,NA,SEINE
2020,1,NA,10.1204751071653,15.838262142867,27.04739963969,SEINE
2020,2,NA,11.336346648556,17.072185777723,26.6228282817594,SEINE
2020,3,9.58057997786514,14.1390981454682,21.2054920746351,NA,SEINE
2020,4,9.72823286261897,17.5603411805914,15.7158980264619,NA,SEINE
2021,1,NA,13.7069086243921,16.6128550872687,NA,SEINE
2021,2,NA,12.1866919147687,23.4732975318305,NA,SEINE
2021,3,7.44319122485827,14.1729010302168,15.4874173087576,NA,SEINE
2021,4,9.47429901267506,13.6138970736445,21.1521632538783,NA,SEINE
2022,1,NA,11.3776367869555,13.0902968014061,NA,SEINE
2022,2,NA,13.2201924265449,18.758255261906,NA,SEINE
2022,3,9.46345653560493,15.0503669435138,20.2579972092428,NA,SEINE
2022,4,7.28482000017497,11.9392674115842,16.7963910170622,NA,SEINE
2023,1,NA,8.09659461567165,15.3698453982523,18.3365771205491,SEINE
2023,2,NA,9.15916152171303,17.3973286556835,NA,SEINE
2023,3,10.072630017282,12.2331169668893,11.7760577164888,NA,SEINE
2023,4,7.67277191592046,11.3638083192682,20.2418690818529,NA,SEINE
2024,1,NA,9.13872403798611,14.6209139949965,NA,SEINE
2024,2,NA,12.1189263729867,20.5950613984333,NA,SEINE
2024,3,7.79387527096427,14.9607141921138,16.1044797874216,NA,SEINE
2024,4,9.44806579935244,15.0128851759466,18.1535034043585,NA,SEINE
2025,1,NA,9.74063002751823,16.5001183861396,NA,SEINE
2025,2,NA,12.6948706836267,20.2183210111792,NA,SEINE
2025,3,10.4568607708043,14.3803497540987,26.7346596379861,NA,SEINE
2025,4,8.82446355724611,7.03134370114631,18.7233681463313,NA,SEINE
